timestamp,open,high,low,close,volume
2023-01-01 00:00:00,1.1,1.1046397329188105,1.0987924814459131,1.1027353231198445,944
2023-01-01 01:00:00,1.10165473051144,1.102042012747346,1.1002645946362144,1.101973241927615,537
2023-01-01 02:00:00,1.1037955877908814,1.1055875408621956,1.101715904042756,1.1055477038391572,235
2023-01-01 03:00:00,1.1133126142789678,1.1150517710288703,1.1120924329638144,1.1139987517982073,282
2023-01-01 04:00:00,1.1084812499285635,1.1157370758451421,1.108006486720384,1.1126952821407876,808
2023-01-01 05:00:00,1.1118675353321026,1.113185247960685,1.109532612892374,1.1113934288825102,271
2023-01-01 06:00:00,1.1202065012221893,1.126265455397334,1.1194842733146007,1.120203800466025,960
2023-01-01 07:00:00,1.122672824962371,1.1259270979642921,1.1191125471792671,1.124510474410687,887
2023-01-01 08:00:00,1.1233531068313982,1.124450114707203,1.1193159009979994,1.1218739257792036,689
2023-01-01 09:00:00,1.1270308630088137,1.128458420767521,1.1230381561002556,1.124921477439969,789
2023-01-01 10:00:00,1.1187095657350214,1.122368750349931,1.1185781835280095,1.1223179523254598,638
2023-01-01 11:00:00,1.1179994512684501,1.1228551476019524,1.117000996128988,1.1197075085915489,219
2023-01-01 12:00:00,1.1193384492061962,1.123271441834501,1.1188915859738355,1.1210629632097615,380
2023-01-01 13:00:00,1.1083022423560474,1.1108307839535227,1.1058768790639308,1.1103895595369426,407
2023-01-01 14:00:00,1.102680346194696,1.1028547182024957,1.0997994595250342,1.1008540846589712,807
2023-01-01 15:00:00,1.0973378981422777,1.099034931202923,1.0954476028546085,1.0977634486433505,376
2023-01-01 16:00:00,1.0916404405569744,1.0932686073209603,1.0868840274141804,1.092218256434529,629
2023-01-01 17:00:00,1.0895515454233873,1.0954588648397618,1.089128072772772,1.0939357387352493,394
2023-01-01 18:00:00,1.0903643117902933,1.0914932588021644,1.0886594949969357,1.0889803962336706,882
2023-01-01 19:00:00,1.0786375643466353,1.0815081374733673,1.0765581120055623,1.0813176282432422,152
2023-01-01 20:00:00,1.0894014593771,1.0941293235487213,1.0887274543280594,1.0892708936376434,905
2023-01-01 21:00:00,1.0886455251601797,1.0917452966239636,1.0871731756556702,1.0880419296825288,531
2023-01-01 22:00:00,1.0913712664004211,1.0954133622946873,1.082984326521031,1.0884093592993773,151
2023-01-01 23:00:00,1.0778545237965804,1.0823769892928345,1.0772614420445044,1.0806833646618967,827
2023-01-02 00:00:00,1.0712373042362993,1.0792086470200255,1.0705565095893015,1.0777458375510405,171
2023-01-02 01:00:00,1.0787402411429206,1.0794268323977563,1.0780923117171763,1.078343735133336,127
2023-01-02 02:00:00,1.0760165812869376,1.077697655717832,1.0698580606576535,1.072155724546205,568
2023-01-02 03:00:00,1.0768333334076123,1.0773928563108173,1.0709350990140518,1.0741716513079744,863
2023-01-02 04:00:00,1.0713996149945035,1.0748249612302117,1.0667405189568389,1.0709505452642873,985
2023-01-02 05:00:00,1.0683382344535295,1.071105311715824,1.0670837590702593,1.0693897358348894,646
2023-01-02 06:00:00,1.0678983478212514,1.069739881948845,1.062693173217566,1.0661772762778412,500
2023-01-02 07:00:00,1.0740021659953303,1.079145423698596,1.0730896264204797,1.0760974271166928,300
2023-01-02 08:00:00,1.0770499534775941,1.0795296536343937,1.074943403645028,1.076024807923046,860
2023-01-02 09:00:00,1.0714312721765633,1.077515027496447,1.068442388312271,1.070349213002443,710
2023-01-02 10:00:00,1.0770392722325328,1.0787827420935285,1.071693335931705,1.074760329134263,919
2023-01-02 11:00:00,1.0741155870795838,1.0761708066889948,1.0680716057689865,1.0682197404187646,565
2023-01-02 12:00:00,1.0701751331484988,1.0712815797611421,1.0674911867984653,1.0693358841980258,751
2023-01-02 13:00:00,1.0578314285986488,1.0593784461713727,1.054245436250843,1.05890932125353,694
2023-01-02 14:00:00,1.05184667343599,1.051947392056509,1.0501211559967847,1.051900476698362,659
2023-01-02 15:00:00,1.0492109298228645,1.0543870838732115,1.047495876618916,1.0529363785763055,889
2023-01-02 16:00:00,1.0553629673195621,1.0572641477759745,1.0533491551505874,1.0568313565610614,478
2023-01-02 17:00:00,1.0568714549011362,1.0593574775066144,1.0542959009862167,1.0577372814880373,859
2023-01-02 18:00:00,1.0560177760228746,1.0605422221142262,1.0513670443278937,1.0571258307890217,994
2023-01-02 19:00:00,1.0558571377033157,1.0564899080033143,1.0547837701482399,1.0555355057495048,276
2023-01-02 20:00:00,1.046037716137894,1.0497150533900745,1.0458084841271376,1.047761115389236,151
2023-01-02 21:00:00,1.046337474746561,1.047206144722802,1.043127249196754,1.0439967699551462,178
2023-01-02 22:00:00,1.0415954412869088,1.0430551344134924,1.0415908917880716,1.0415950099313378,484
2023-01-02 23:00:00,1.0470955746429889,1.0530095857235202,1.043885444828639,1.0471150516554877,933
2023-01-03 00:00:00,1.0482277696220688,1.0491345309876505,1.0454080065568687,1.0489156374132198,675
2023-01-03 01:00:00,1.0400325769984613,1.0408506812879985,1.0379193867406917,1.0397098704268484,107
2023-01-03 02:00:00,1.0431145107574242,1.0446542668648933,1.0385276212436165,1.0413960026881248,313
2023-01-03 03:00:00,1.0375902382149407,1.0397695983611357,1.0354734783705717,1.0393928160485177,124
2023-01-03 04:00:00,1.0345173629418611,1.036834396542899,1.0337660309545293,1.0358808234431107,549
2023-01-03 05:00:00,1.038422616368661,1.0394586950772526,1.036648155645792,1.0390537917323572,867
2023-01-03 06:00:00,1.041612621581145,1.0465539296189383,1.0409017921246988,1.0444239412096517,854
2023-01-03 07:00:00,1.0475792455525232,1.049731607910713,1.0444359324664856,1.0492985377009347,556
2023-01-03 08:00:00,1.0439096028069355,1.0479605249233994,1.0437540402459415,1.0449048137733077,560
2023-01-03 09:00:00,1.0451150584330455,1.046052810419537,1.0411505098172487,1.0432905744517653,297
2023-01-03 10:00:00,1.045568790088996,1.047580437651714,1.03949811568219,1.0450200263950682,193
2023-01-03 11:00:00,1.0505363883410892,1.0510343677390304,1.0488736357802892,1.0501297992715584,818
2023-01-03 12:00:00,1.0493996651720854,1.0509735552924127,1.0475134810779627,1.0476168351118265,536
2023-01-03 13:00:00,1.0463572300736599,1.0472293774618424,1.0448453548209982,1.0466447890066295,626
2023-01-03 14:00:00,1.0416839213442228,1.0436650181797207,1.0401106536501175,1.0408710742086504,789
2023-01-03 15:00:00,1.0344505704934617,1.0353232947343871,1.0295101013828616,1.034664170192149,477
2023-01-03 16:00:00,1.0394275343349322,1.0414891279703082,1.038502034066265,1.038876177088757,686
2023-01-03 17:00:00,1.044725877701372,1.0472688604932887,1.044155596696319,1.0459449446451259,203
2023-01-03 18:00:00,1.0404685189177487,1.0459643307181048,1.0387295027150907,1.0455684193201285,905
2023-01-03 19:00:00,1.0505457064225265,1.0514526201666718,1.048240346499942,1.0508279150065847,779
2023-01-03 20:00:00,1.0557252585364287,1.0582362640397358,1.050903892117753,1.052729720042414,726
2023-01-03 21:00:00,1.0512833358492175,1.053499411204151,1.0482957198402187,1.0493395070220486,138
2023-01-03 22:00:00,1.053267078418449,1.054472029181614,1.0500253802484965,1.051237354622727,557
2023-01-03 23:00:00,1.0619717233326942,1.0634685266751887,1.056156540676148,1.0593527264319509,463
2023-01-04 00:00:00,1.0593507870426786,1.062608470371205,1.0587711533944328,1.0591629813659518,884
2023-01-04 01:00:00,1.067902802840864,1.068212290853155,1.0665149229931126,1.067481541090019,234
2023-01-04 02:00:00,1.0522885684637413,1.0545297560134774,1.048695361181348,1.053590072274043,473
2023-01-04 03:00:00,1.0572599575263346,1.0581681117104216,1.0556300458170678,1.0579287226320053,331
2023-01-04 04:00:00,1.0596927219731012,1.0604623061392084,1.0556832814034192,1.0583892708167086,138
2023-01-04 05:00:00,1.0593526718934847,1.0636058814717668,1.054915531106842,1.0568081221907266,902
2023-01-04 06:00:00,1.0569982299365253,1.0581142941844341,1.0541727288584817,1.0572931011070306,918
2023-01-04 07:00:00,1.0458953732207157,1.0474777909625073,1.0430993657285925,1.046837923611214,146
2023-01-04 08:00:00,1.0456898546758788,1.0470150804856984,1.0424499611357816,1.0456887505146046,135
2023-01-04 09:00:00,1.0488171588029438,1.0502817264009492,1.0468866708562066,1.0475575614512713,931
2023-01-04 10:00:00,1.0522796496825841,1.0588702298390664,1.0497093620473747,1.055327127995289,194
2023-01-04 11:00:00,1.0477620436243984,1.0566203153299678,1.0474813306112036,1.052595945145584,460
2023-01-04 12:00:00,1.047195138645908,1.0510985720979826,1.0469959377357063,1.0483494486511613,624
2023-01-04 13:00:00,1.0431696081575799,1.0461918123138487,1.0424747787124398,1.0457226614513673,245
2023-01-04 14:00:00,1.0494522925167211,1.0523259373661138,1.0488008114417657,1.0505199153115188,467
2023-01-04 15:00:00,1.0519371301164797,1.052416075170954,1.0486807502622126,1.0522481332456919,164
2023-01-04 16:00:00,1.0485132890813176,1.051856471872449,1.0479591398186268,1.0494646254249171,327
2023-01-04 17:00:00,1.0552178248333215,1.0560353273326386,1.0520764888237226,1.0521613643877263,853
2023-01-04 18:00:00,1.0533601048437713,1.055674590696269,1.0511029535685759,1.0526721945869237,619
2023-01-04 19:00:00,1.058418562230256,1.0614255384410067,1.0575850338494257,1.0577828889579222,915
2023-01-04 20:00:00,1.0553880071790291,1.055627539404451,1.0537332953397565,1.0540762995711093,952
2023-01-04 21:00:00,1.0499539049816622,1.0528171233648986,1.0481244799339635,1.0523508088870301,654
2023-01-04 22:00:00,1.052472390094399,1.0550714746906957,1.0501380897801582,1.0502896533763413,855
2023-01-04 23:00:00,1.0424741431923459,1.0447840311393821,1.0409349567430104,1.042632131751508,280
2023-01-05 00:00:00,1.045577198589156,1.0468224619982338,1.0417893011631272,1.0441769977132842,600
2023-01-05 01:00:00,1.0432994861624696,1.0467743452617442,1.043116963517934,1.045540827158527,696
2023-01-05 02:00:00,1.0423184396177483,1.0458439431198439,1.041832629686544,1.0455675591386957,254
2023-01-05 03:00:00,1.0460502074798819,1.0462014223333553,1.0428420843366417,1.0443418946097947,886
2023-01-05 04:00:00,1.0377579857993313,1.0408717202337059,1.0357581421865856,1.0369773295089826,634
2023-01-05 05:00:00,1.0329317397384372,1.0364105021504983,1.0324553292079999,1.0347986231513586,726
2023-01-05 06:00:00,1.0312301682087974,1.0358183283792064,1.028892532314107,1.0330269389904017,917
2023-01-05 07:00:00,1.031207269334328,1.0330349629257052,1.0281713020811745,1.028891369062075,534
2023-01-05 08:00:00,1.0256163978645916,1.0281907708819624,1.0237798176095423,1.0280619761466585,910
2023-01-05 09:00:00,1.0335253917421945,1.034027940277597,1.0279512437724592,1.0301410221519376,198
2023-01-05 10:00:00,1.0380290505878098,1.0405141323298877,1.0331755843578432,1.039902165492305,715
2023-01-05 11:00:00,1.0421391707637153,1.0449666681332725,1.039018511947436,1.0408102810047482,471
2023-01-05 12:00:00,1.0414665093966162,1.0425690452973615,1.040353790201177,1.0421514498385074,662
2023-01-05 13:00:00,1.0430203598541645,1.0435039918989002,1.0402494159021365,1.0417636024318726,461
2023-01-05 14:00:00,1.0306940104484432,1.0341818489086114,1.0285481999842738,1.0318168624534,211
2023-01-05 15:00:00,1.0313441838029287,1.0332840815588993,1.028734350000493,1.0316800842010168,552
2023-01-05 16:00:00,1.0320752789555196,1.0352928545203646,1.0309989002803197,1.031990822528572,855
2023-01-05 17:00:00,1.0426855018900856,1.0479776217893628,1.0408649960119145,1.0447796319725233,268
2023-01-05 18:00:00,1.0453217491933755,1.0487287499194837,1.0433431501953268,1.0437752409740548,683
2023-01-05 19:00:00,1.0442771904375223,1.0461293191788028,1.0421238380823206,1.0453501662115485,238
2023-01-05 20:00:00,1.0446909012073238,1.0456760744786966,1.0429726970982272,1.0451687521838544,947
2023-01-05 21:00:00,1.0370128168300214,1.0430069730356337,1.035276898120044,1.0390792323998324,330
2023-01-05 22:00:00,1.0396781957915369,1.0459841971236903,1.0385304653809697,1.0450336455607245,338
2023-01-05 23:00:00,1.0485692524446855,1.0511514689850856,1.04784763122016,1.0489700172355398,352
2023-01-06 00:00:00,1.0582086579614822,1.059494691208788,1.0528859688005563,1.0531270767091092,535
2023-01-06 01:00:00,1.0499945229171996,1.0502828744412291,1.048039644332541,1.0483494439792762,660
2023-01-06 02:00:00,1.0556877172888186,1.0577507203361374,1.0540792193916229,1.055728384747992,521
2023-01-06 03:00:00,1.0478031827504037,1.0487896720281873,1.0473623360881754,1.048354388259271,402
2023-01-06 04:00:00,1.0514823197621417,1.0521293528846514,1.0482169820259386,1.0514350769066685,171
2023-01-06 05:00:00,1.0641771687690083,1.0665088222121146,1.0613597269671637,1.063013978234627,362
2023-01-06 06:00:00,1.0552641859244336,1.0596254811142172,1.052791047370634,1.0577622243044502,933
2023-01-06 07:00:00,1.0571221281379015,1.0609250721765704,1.0516111176554428,1.054771418788157,321
2023-01-06 08:00:00,1.0568069764478745,1.0583609076131333,1.0535745248163824,1.055297096797298,176
2023-01-06 09:00:00,1.0541558434065883,1.057647646620197,1.0495805472437023,1.0526438558235751,161
2023-01-06 10:00:00,1.0454299198600443,1.0459381267593786,1.0438831270899458,1.044513931824137,570
2023-01-06 11:00:00,1.0449130619152038,1.0449178433039263,1.0437281264589795,1.0448720681198151,256
2023-01-06 12:00:00,1.0407355828066251,1.0429635170243208,1.0354527071093838,1.0393369237524213,905
2023-01-06 13:00:00,1.043034055515952,1.0456873097380215,1.0417284254043429,1.0418009504618948,224
2023-01-06 14:00:00,1.0362883603914808,1.0372524871402304,1.0346257405729613,1.0370226568688803,840
2023-01-06 15:00:00,1.0438915319065838,1.0459019616172893,1.0414965117080015,1.0450904633918623,951
2023-01-06 16:00:00,1.0412176805102153,1.041334131229622,1.0387364201962235,1.0410056145597235,260
2023-01-06 17:00:00,1.042550512475656,1.0432551880641627,1.0381433263206357,1.039330624313401,640
2023-01-06 18:00:00,1.040980618752483,1.0454270706400113,1.04088936889092,1.0435668007659762,725
2023-01-06 19:00:00,1.0341199485225976,1.0371728516151237,1.0321431191514507,1.0371640774995203,690
2023-01-06 20:00:00,1.0386864718459337,1.0399721294966686,1.0373386610669866,1.038344314880308,634
2023-01-06 21:00:00,1.0452592320921423,1.0486842533634306,1.0450568559442068,1.045152861237749,205
2023-01-06 22:00:00,1.0371456374250483,1.0379365846267856,1.036751845136365,1.0367862009337159,230
2023-01-06 23:00:00,1.0382500938731936,1.038897241087199,1.036325540537362,1.0377437720495912,456
2023-01-07 00:00:00,1.0386292514395878,1.0422496868261055,1.0374021227456214,1.0390931072882323,784
2023-01-07 01:00:00,1.0462713315120287,1.0517762465582465,1.0427037617149164,1.0431629907113014,875
2023-01-07 02:00:00,1.0334117805466463,1.0375364772027125,1.0332802291667038,1.0367311947351707,953
2023-01-07 03:00:00,1.0282023949107206,1.0301042685575443,1.0274378667706687,1.029908947908995,984
2023-01-07 04:00:00,1.032386977765468,1.0336633489477314,1.0293360421512914,1.0326002195414652,896
2023-01-07 05:00:00,1.030736133633381,1.0346383768042637,1.0302050966098306,1.03413469073948,101
2023-01-07 06:00:00,1.0350665488113537,1.0355558066696602,1.0311494600202042,1.0354307189161651,332
2023-01-07 07:00:00,1.040672528633005,1.043019828483344,1.0353926561514968,1.0372258888939687,468
2023-01-07 08:00:00,1.0337483624168395,1.0339263963549374,1.0321070118419906,1.0337051814744906,350
2023-01-07 09:00:00,1.0353837956298944,1.036930500161775,1.033104044701936,1.0349062879939461,932
2023-01-07 10:00:00,1.033811782592151,1.0384763763190759,1.032313599555324,1.0364239123844894,207
2023-01-07 11:00:00,1.0314555929420992,1.0331771360941233,1.030530407281931,1.0327286611254873,375
2023-01-07 12:00:00,1.041625717974319,1.0435056653736503,1.0412954440989404,1.04240793334114,279
2023-01-07 13:00:00,1.0442165485026047,1.0458781713911198,1.0422993271105963,1.0448804971190864,824
2023-01-07 14:00:00,1.0413375707667232,1.0426909490674487,1.0384832486953088,1.038675147650701,392
2023-01-07 15:00:00,1.0432528091278892,1.0434284266130502,1.0388295243900165,1.042090480037522,683
2023-01-07 16:00:00,1.0347190845676781,1.0370509096227838,1.0344222721557552,1.0370243023925407,894
2023-01-07 17:00:00,1.0416267516249178,1.0426263529772999,1.0392987611727371,1.0411134727330804,274
2023-01-07 18:00:00,1.0482055608879162,1.0487687528329726,1.0445417063117282,1.0471621230001547,222
2023-01-07 19:00:00,1.0452520533644256,1.0490909710338294,1.0396775429112315,1.0428739898108623,326
2023-01-07 20:00:00,1.0512220345804577,1.0521319174652959,1.044599291390051,1.0479095073560218,543
2023-01-07 21:00:00,1.0479426769677302,1.0517416631738827,1.0466604988991637,1.0500745260725355,912
2023-01-07 22:00:00,1.0526895951244049,1.0550266370797272,1.0502979941683468,1.0543995306829468,527
2023-01-07 23:00:00,1.0617697384652638,1.0649715125360444,1.061442718343861,1.0644469883944503,182
2023-01-08 00:00:00,1.062644183484551,1.0652390922025494,1.062299982796131,1.0631417760618405,864
2023-01-08 01:00:00,1.0601305545535178,1.0616401236980002,1.0582139912434911,1.0591426744415993,757
2023-01-08 02:00:00,1.0565246958589163,1.0597847152607647,1.0525782688997962,1.0544425208656965,731
2023-01-08 03:00:00,1.0499906359801512,1.0504875295292315,1.049712394460222,1.050150155938795,164
2023-01-08 04:00:00,1.0490738751755204,1.0507619108515445,1.0482734540180245,1.0497453921029452,380
2023-01-08 05:00:00,1.051856692167671,1.0538893974831007,1.0487604368803511,1.0515375337178887,894
2023-01-08 06:00:00,1.0512344945278729,1.053362638954278,1.0505249489313984,1.0529932942782338,490
2023-01-08 07:00:00,1.0617761834077353,1.0628199213882492,1.056800584008448,1.057357404927203,527
2023-01-08 08:00:00,1.0540261797888308,1.0574457893305547,1.0536951632287157,1.0574261453948448,717
2023-01-08 09:00:00,1.0655327128172396,1.0661869095675653,1.0625611843346643,1.0651391639657286,911
2023-01-08 10:00:00,1.068035758110028,1.071909326642121,1.060344971754804,1.0637306143365153,206
2023-01-08 11:00:00,1.0783117485443048,1.079051209153795,1.0764063673377509,1.0782970840391828,647
2023-01-08 12:00:00,1.081264521110671,1.0822778081774922,1.0791795060099205,1.0816756423011662,758
2023-01-08 13:00:00,1.0762797569769786,1.0781466261985804,1.075622269076751,1.077049729969212,361
2023-01-08 14:00:00,1.0709116131832679,1.0731115268752862,1.067208009107894,1.071298119722239,258
2023-01-08 15:00:00,1.0768341628029263,1.0780938598894967,1.0696911786876608,1.0738855983914686,364
2023-01-08 16:00:00,1.0679411327345567,1.0737135167396232,1.0678106356507426,1.0726864011214399,567
2023-01-08 17:00:00,1.0798242905084527,1.0806006319045354,1.0749105380018114,1.0765227380150846,301
2023-01-08 18:00:00,1.0759999018933986,1.0841426579094717,1.075102944986893,1.079073009352766,254
2023-01-08 19:00:00,1.0781048771726662,1.0802249059890572,1.0755883199450744,1.078680142317562,112
2023-01-08 20:00:00,1.0732005769686634,1.0750177127152065,1.0731511012284827,1.0741226993194615,396
2023-01-08 21:00:00,1.0672725899205049,1.0674073288438786,1.0632918057207608,1.0660177734281353,995
2023-01-08 22:00:00,1.0602408043476,1.064482439143327,1.057944322895757,1.0636404638012995,933
2023-01-08 23:00:00,1.0691921210203659,1.0697556939236272,1.0659051400100983,1.0682047309635043,597
2023-01-09 00:00:00,1.0736782091893007,1.0764356205342482,1.0679077896505276,1.0693488229633503,696
2023-01-09 01:00:00,1.0598115628109896,1.067865973827343,1.0577819448960593,1.0627088770422577,891
2023-01-09 02:00:00,1.0640330342429958,1.0691125787076148,1.0578590507162353,1.063629480098142,344
2023-01-09 03:00:00,1.0642697067757847,1.066737525469724,1.0639515844423033,1.0656806299442771,399
2023-01-09 04:00:00,1.0618851891789123,1.0642156028133842,1.0579453015189335,1.0609814723087838,461
2023-01-09 05:00:00,1.0618379453574398,1.065162874335506,1.0607852761779986,1.0617972832413596,453
2023-01-09 06:00:00,1.0607437028630422,1.068495208369849,1.0601097598075888,1.0621063575117553,927
2023-01-09 07:00:00,1.057084327213529,1.058291896810212,1.055297237630051,1.0560538883666002,620
2023-01-09 08:00:00,1.0617625942567632,1.062280006508659,1.0567762690502056,1.057944792882172,485
2023-01-09 09:00:00,1.0605102853650088,1.063228588560271,1.0581832211151003,1.0609153508913824,858
2023-01-09 10:00:00,1.068211560264729,1.0703170898539065,1.061786609354197,1.0666760631284569,411
2023-01-09 11:00:00,1.069537640855545,1.0743909572181132,1.0655429990429088,1.0723112230699814,513
2023-01-09 12:00:00,1.0629130392200734,1.0651855825589913,1.0604426893945087,1.0649501533524017,377
2023-01-09 13:00:00,1.060969629704343,1.062298632677643,1.0566141717207473,1.0599681584795049,849
2023-01-09 14:00:00,1.0658556250334583,1.0669088266477906,1.0618522560471306,1.0627012810240315,814
2023-01-09 15:00:00,1.066192561236315,1.072279724662506,1.0651595139067103,1.0654347955651877,858
2023-01-09 16:00:00,1.0675132741786268,1.0700126277504411,1.0673781825944273,1.0681820801351214,846
2023-01-09 17:00:00,1.0889571044127755,1.0914111000701208,1.0875202284727352,1.0889586476731594,692
2023-01-09 18:00:00,1.089340399830615,1.0926313537349333,1.0871968996198986,1.0920714690525168,455
2023-01-09 19:00:00,1.099617565466344,1.100800858998935,1.0980131797943367,1.0982896995540266,624
2023-01-09 20:00:00,1.105488447215136,1.1072524613778505,1.1024892775485142,1.103541065679375,938
2023-01-09 21:00:00,1.1061400544828688,1.111258206423492,1.1032539372059824,1.1071411100687572,115
2023-01-09 22:00:00,1.1043580805958957,1.1054978194937004,1.102384382847534,1.1053972471882874,144
2023-01-09 23:00:00,1.1101900660176582,1.1114297851187491,1.1059574781871158,1.1096000290349748,420
2023-01-10 00:00:00,1.1043552372519563,1.1094250495221198,1.104328238972536,1.1053206679526533,750
2023-01-10 01:00:00,1.1038666175310108,1.105076391459173,1.1012246991316694,1.1040126400159394,425
2023-01-10 02:00:00,1.1059616520654982,1.1066793296136914,1.1007517078881714,1.1013366509391291,247
2023-01-10 03:00:00,1.1012432584804464,1.1057625454948317,1.0982256276210065,1.1017875981874774,454
2023-01-10 04:00:00,1.113814160335906,1.1199451923794257,1.1111425666422963,1.1146129815063817,335
2023-01-10 05:00:00,1.1028249167054178,1.1061207119727932,1.1027537251793174,1.104255019283555,802
2023-01-10 06:00:00,1.1096997633368662,1.1097121038499569,1.1078575701183884,1.1080505586772988,712
2023-01-10 07:00:00,1.0987532461949947,1.101742360178836,1.0946222096677634,1.0991516318864545,204
2023-01-10 08:00:00,1.0951369117303011,1.099573106384976,1.0939963132314725,1.0965610661127143,573
2023-01-10 09:00:00,1.1054614556002664,1.1066109191521327,1.101825009132833,1.1025478537503977,861
2023-01-10 10:00:00,1.1060336364389347,1.110167587222972,1.0997567524514933,1.1029022696874684,495
2023-01-10 11:00:00,1.095657719078209,1.0978958315172216,1.0947946186145683,1.096975018382336,545
2023-01-10 12:00:00,1.0889781991269263,1.0936633141249705,1.0871719681102054,1.0930586744971869,705
2023-01-10 13:00:00,1.0989892332343718,1.0990080393157813,1.095393628631965,1.096779193130757,319
2023-01-10 14:00:00,1.0912849416085084,1.0962145024545575,1.0906493712452343,1.0927812428723114,909
2023-01-10 15:00:00,1.0956944253779812,1.0986650127956834,1.0931691199322064,1.0939645925550778,950
2023-01-10 16:00:00,1.0899024609252916,1.095550708682433,1.0895013061957377,1.0942138908528165,541
2023-01-10 17:00:00,1.0926017721387395,1.0937041707386164,1.0852280312567277,1.0906547411009193,744
2023-01-10 18:00:00,1.099738730407174,1.1058553510530378,1.0992509272084725,1.1024091444278008,972
2023-01-10 19:00:00,1.1075251955577363,1.1101377581489094,1.1037648102668396,1.1059088785030022,766
2023-01-10 20:00:00,1.094798517623159,1.0979407807378154,1.093384788548927,1.0947672662482464,127
2023-01-10 21:00:00,1.0936977311174212,1.0965495021591702,1.0935828351779393,1.0957883625461189,893
2023-01-10 22:00:00,1.0912793608631128,1.0953429086062396,1.0896294540550273,1.092168465313545,574
2023-01-10 23:00:00,1.0983389576774676,1.098510805238525,1.0960427147179341,1.0968334036591918,727
2023-01-11 00:00:00,1.092727066031782,1.0967524491305314,1.092022586245919,1.092495687565051,404
2023-01-11 01:00:00,1.0931453269451687,1.0950956460011005,1.089818064296773,1.0918691219694565,845
2023-01-11 02:00:00,1.0989564458431564,1.1002529777730583,1.0917122051756993,1.0946295054838635,504
2023-01-11 03:00:00,1.0959387957488766,1.1009144284223977,1.0939026904843905,1.099378181947295,612
2023-01-11 04:00:00,1.0963346225167085,1.0963899016106042,1.0914779583004015,1.092800042575151,601
2023-01-11 05:00:00,1.0912015545307023,1.094569260549014,1.0898877072696003,1.0909738553317294,447
2023-01-11 06:00:00,1.0864297162448124,1.0887437967899878,1.085261995505351,1.0883861644909325,339
2023-01-11 07:00:00,1.0819502469547815,1.0896016792178045,1.080560370995102,1.0848365927568708,669
2023-01-11 08:00:00,1.094041162267458,1.095534232948058,1.090333990888192,1.0944551298311411,946
2023-01-11 09:00:00,1.098695045268075,1.0988214342085592,1.0944657091430827,1.0966735466740016,794
2023-01-11 10:00:00,1.089503403270313,1.0921251830754326,1.0882620253524187,1.0897814045894314,436
2023-01-11 11:00:00,1.098103050370112,1.0985657217386247,1.0940107470114928,1.0947942429344781,125
2023-01-11 12:00:00,1.103261341539395,1.1069364019652816,1.0974407956177532,1.10647271414835,508
2023-01-11 13:00:00,1.1121725656392594,1.1146276661275798,1.11150109505459,1.1121994562817021,176
2023-01-11 14:00:00,1.1010175172891952,1.1042984912169016,1.1001668216636153,1.1037822566136801,316
2023-01-11 15:00:00,1.1019138439566374,1.1041957828270046,1.0962564875371525,1.1011130443380461,427
2023-01-11 16:00:00,1.1100757829871661,1.1119319676834027,1.1050302212310776,1.1081102449809437,936
2023-01-11 17:00:00,1.103267087370862,1.107342140612826,1.1002988362600299,1.104196294597844,873
2023-01-11 18:00:00,1.1008854311368386,1.1068523070190535,1.0986760885970415,1.1066493341979293,122
2023-01-11 19:00:00,1.111385927348485,1.113359236432191,1.1102076592713408,1.1109438868935004,855
2023-01-11 20:00:00,1.1067728583774044,1.1089811625881685,1.1026744052771364,1.1058069613158406,769
2023-01-11 21:00:00,1.1063717703499185,1.1070063724425583,1.1037682931008257,1.1054778925225726,817
2023-01-11 22:00:00,1.0903948755555763,1.0920512178380224,1.0873631770313388,1.0877065388143856,409
2023-01-11 23:00:00,1.07983153573356,1.0827810693746465,1.0791657287484928,1.082149616390692,698
2023-01-12 00:00:00,1.082254229500507,1.082383723694247,1.0794861218981735,1.0807838962749916,366
2023-01-12 01:00:00,1.0766236209379354,1.077686378086618,1.0737619735758561,1.0740619670088853,514
2023-01-12 02:00:00,1.0790124572432154,1.0834943997143907,1.0788541947208368,1.0828643955815034,745
2023-01-12 03:00:00,1.075836115191321,1.080129845508165,1.073065625136341,1.0751487686572492,366
2023-01-12 04:00:00,1.0717040487663094,1.0751915114272,1.0696309913469173,1.0727858026957304,432
2023-01-12 05:00:00,1.0733122880259054,1.0754827347953158,1.0722519040372491,1.0734873151368467,879
2023-01-12 06:00:00,1.0820030504311715,1.0822889948157015,1.0804676217394025,1.0812511992016516,549
2023-01-12 07:00:00,1.0724702638004082,1.0746408277121435,1.070879099096893,1.0735163594691612,664
2023-01-12 08:00:00,1.0783186971356218,1.0827118429391673,1.0781203545023144,1.079777926472858,710
2023-01-12 09:00:00,1.0799069328801207,1.0822389623581774,1.0774966009974905,1.079833175053297,346
2023-01-12 10:00:00,1.0722102357814085,1.0788918637690308,1.0713454171845034,1.0745468291335953,135
2023-01-12 11:00:00,1.0746935208714044,1.0772506239309025,1.0745118396677809,1.077032458687941,500
2023-01-12 12:00:00,1.0795698325097405,1.0808619428270114,1.0761423447920833,1.0781049610961573,127
2023-01-12 13:00:00,1.072404708826876,1.0769522482763927,1.0720110758748285,1.074874327258275,319
2023-01-12 14:00:00,1.0766824394895465,1.0768291340807388,1.0726491543717611,1.0752495350759106,505
2023-01-12 15:00:00,1.0741728753844115,1.0749548101426085,1.0730581998702382,1.0731799879482316,713
2023-01-12 16:00:00,1.07008297802022,1.0782845905779312,1.0698401632657837,1.073789283561969,874
2023-01-12 17:00:00,1.075890170050914,1.0806077743315083,1.07549028829459,1.077350118768248,370
2023-01-12 18:00:00,1.0885209933850313,1.0910450145949617,1.0839297330992916,1.085927560762362,835
2023-01-12 19:00:00,1.0771096246475582,1.0813278219353066,1.0749146405902024,1.0792274261491546,750
2023-01-12 20:00:00,1.0897860207539152,1.0924988317344533,1.088490895349712,1.0907991643163792,891
2023-01-12 21:00:00,1.0812025154148928,1.081641993865535,1.0788731535154574,1.0802042751103889,610
2023-01-12 22:00:00,1.0810759511735724,1.082065423774205,1.077139242232779,1.079384791570412,385
2023-01-12 23:00:00,1.0820199551272507,1.0829666090550856,1.0805076901268524,1.082564569298916,553
2023-01-13 00:00:00,1.0827910918559345,1.087358654854574,1.0796535528419149,1.0840865974437368,861
2023-01-13 01:00:00,1.0837909027587769,1.0851036038099364,1.080035516966799,1.08071654547214,933
2023-01-13 02:00:00,1.0833471307669065,1.0844491296105594,1.0790712313449593,1.0795925246107385,416
2023-01-13 03:00:00,1.0790429334441096,1.079971577905894,1.0737753434589163,1.076934601234941,689
2023-01-13 04:00:00,1.0739489594704907,1.0771365616926722,1.072680034673416,1.073765736074187,396
2023-01-13 05:00:00,1.0765936409288892,1.0787864041714246,1.0756543437574193,1.0783368062826932,437
2023-01-13 06:00:00,1.0784692425981606,1.082870349413331,1.0759005089537703,1.080263440060973,406
2023-01-13 07:00:00,1.0776522927050651,1.0809438045890638,1.0750659527363093,1.0765272913162327,527
2023-01-13 08:00:00,1.0822853121826983,1.0845691276351337,1.07937091721112,1.0813804168976304,450
2023-01-13 09:00:00,1.086079216187934,1.0863534897159317,1.0805868466708703,1.0830432324465395,610
2023-01-13 10:00:00,1.0888686829791485,1.09101300249668,1.0866998175651827,1.0874540138512718,624
2023-01-13 11:00:00,1.0876035012357825,1.0926119708492716,1.0863292808017402,1.0908828703436642,957
2023-01-13 12:00:00,1.088656156070625,1.0895784624780271,1.0858890674923538,1.0863705462544317,591
2023-01-13 13:00:00,1.0811695206954814,1.086290816712112,1.0780536298492207,1.083331982691952,693
2023-01-13 14:00:00,1.0865523386993095,1.0895058853608814,1.0844687304989584,1.0873873897375943,108
2023-01-13 15:00:00,1.0912567956298826,1.0927920366187425,1.0882510436942514,1.0907110033938625,596
2023-01-13 16:00:00,1.0949499593973124,1.0978129683772546,1.086349489553635,1.0905970213573561,824
2023-01-13 17:00:00,1.0980243098788016,1.101533314774308,1.0891015348201543,1.0912369935284543,659
2023-01-13 18:00:00,1.0995631276038007,1.1009486320777304,1.0964501895869292,1.0982304840859183,660
2023-01-13 19:00:00,1.0945856790671087,1.0965898381895909,1.0927096127669242,1.0949868748531413,920
2023-01-13 20:00:00,1.0991600574380849,1.0995929546096623,1.0978359910598101,1.0979862976819543,539
2023-01-13 21:00:00,1.0988241321280592,1.0998451179279862,1.0968137082809468,1.0968768347802431,651
2023-01-13 22:00:00,1.094980936353569,1.0957808433111587,1.0945755795586087,1.0956836368939784,974
2023-01-13 23:00:00,1.1056754013382455,1.109535772871138,1.0990489082877937,1.10171976168383,891
2023-01-14 00:00:00,1.106785088348593,1.107880154030033,1.1035333917622048,1.1062760448095839,837
2023-01-14 01:00:00,1.1118908111372652,1.1127434869134367,1.1094346800730999,1.11078503998303,207
2023-01-14 02:00:00,1.119548372326303,1.1204648535982096,1.115596581900518,1.1180592867377563,344
2023-01-14 03:00:00,1.119119527263486,1.1213710267916945,1.1165747210146368,1.1181767106045024,354
2023-01-14 04:00:00,1.1238785135560996,1.1264128508355629,1.1167793324114144,1.121995937888785,132
2023-01-14 05:00:00,1.1188737330742085,1.1227837923131248,1.1176900837961938,1.1202566971062873,122
2023-01-14 06:00:00,1.1208210053772214,1.1224206236741403,1.1186750706697979,1.1220739170491127,944
2023-01-14 07:00:00,1.1188767012186533,1.1220987863810514,1.1186392965384515,1.1213440039237217,665
2023-01-14 08:00:00,1.1228741073193933,1.12291873850054,1.1191204781707629,1.1218879650368898,920
2023-01-14 09:00:00,1.1269844024930995,1.1272261739291114,1.1252141310147719,1.1252314348141474,148
2023-01-14 10:00:00,1.1216633951791275,1.1244008884924774,1.1197680641740198,1.1206374003897406,561
2023-01-14 11:00:00,1.1362154474950865,1.1386621264083427,1.129464927717532,1.1324229800721273,689
2023-01-14 12:00:00,1.1267284857024356,1.1284594197580424,1.125620772024076,1.1267410962312154,435
2023-01-14 13:00:00,1.1214193132470824,1.1237435734021701,1.1167571532912035,1.1199214370152362,457
2023-01-14 14:00:00,1.1239657762624926,1.1277668661857148,1.122803939845982,1.1264252150508454,221
2023-01-14 15:00:00,1.130017258831489,1.1329296080989948,1.1286182230046282,1.1308927953607182,543
2023-01-14 16:00:00,1.1360054446499046,1.1398665817089684,1.1312690367898663,1.1344273705110914,458
2023-01-14 17:00:00,1.1399295881253788,1.1408456242045235,1.1377441069539576,1.137997036753525,701
2023-01-14 18:00:00,1.1372583288685572,1.1394780365910016,1.134260067680953,1.1379273549309425,445
2023-01-14 19:00:00,1.1326715175854924,1.1354476207600972,1.1295947854865793,1.1328337376816877,292
2023-01-14 20:00:00,1.1298228879824763,1.1349738117956252,1.128821269566561,1.1332631888673996,515
2023-01-14 21:00:00,1.128626184150558,1.1298831369620115,1.1279747972839291,1.129432665034082,476
2023-01-14 22:00:00,1.1369738570849477,1.1380495214053807,1.1346927323274447,1.1349527714068461,562
2023-01-14 23:00:00,1.1354232635942174,1.136889258692049,1.133927816209131,1.1341185622225176,855
2023-01-15 00:00:00,1.1305781019221246,1.134334070992337,1.1278864561521023,1.129447150976913,760
2023-01-15 01:00:00,1.1277459197921547,1.1288810007174512,1.1266305084894737,1.1276336668213804,245
2023-01-15 02:00:00,1.1299802112032906,1.134643420663363,1.129650054078145,1.1299642489698214,577
2023-01-15 03:00:00,1.1252957120644682,1.1274989611583268,1.125194158874473,1.1267837903772724,927
2023-01-15 04:00:00,1.123729372213614,1.125844639629396,1.1200829812122244,1.1221609762491238,989
2023-01-15 05:00:00,1.1244750416548008,1.1249066100838794,1.1232736752920363,1.1235290909557474,752
2023-01-15 06:00:00,1.1260130193893347,1.1304007377578644,1.1245828624583694,1.1249060694125899,507
2023-01-15 07:00:00,1.1208778791382097,1.1243588273215357,1.1205078088310345,1.1220583627268113,385
2023-01-15 08:00:00,1.1145978247857729,1.1208827822345506,1.1145270267433287,1.1194188099232105,997
2023-01-15 09:00:00,1.12317756740287,1.123238922953948,1.1205487515535058,1.1207183690075322,950
2023-01-15 10:00:00,1.1115676598330781,1.112738613168486,1.1106066091518834,1.1126332007356996,210
2023-01-15 11:00:00,1.1029242901848557,1.108326807568596,1.1001168741957095,1.1048307325436733,719
2023-01-15 12:00:00,1.102395915086743,1.1044692989349116,1.098294166063444,1.1008690561363248,978
2023-01-15 13:00:00,1.0988326075115722,1.1009281277342151,1.0972481565831165,1.0996947960317676,892
2023-01-15 14:00:00,1.1037404824632355,1.108235400463683,1.0952819073907112,1.1014056426347898,149
2023-01-15 15:00:00,1.110929723185025,1.1110352469961007,1.1072570838707734,1.1095605123100039,113
2023-01-15 16:00:00,1.1158522973382512,1.116408152118368,1.1113117995013368,1.1143288552953772,233
2023-01-15 17:00:00,1.1103962766779407,1.1171634185002173,1.1087651561920289,1.1134380909166524,687
2023-01-15 18:00:00,1.116030821695925,1.1169330497282761,1.1087071801445267,1.1133322290983398,695
2023-01-15 19:00:00,1.108344260263309,1.1099311271586232,1.1072441950195846,1.1077654516378632,442
2023-01-15 20:00:00,1.1068448461361011,1.108165870666815,1.1020946556180387,1.107662915321339,769
2023-01-15 21:00:00,1.1063825801435734,1.1070996669112338,1.1026477858081056,1.1060653861025862,385
2023-01-15 22:00:00,1.1039159559752123,1.1091620261716808,1.099540111535246,1.1078515659437138,413
2023-01-15 23:00:00,1.104180499802683,1.1056826719178972,1.0999707542224189,1.103278783848949,705
2023-01-16 00:00:00,1.1038701534494926,1.1068274940745932,1.1018868088203646,1.1061474267393614,396
2023-01-16 01:00:00,1.1116416418822421,1.1164954890588776,1.1091409446027303,1.1146571691454532,705
2023-01-16 02:00:00,1.1106592104291078,1.114667477352212,1.1095205874920537,1.114051182532398,668
2023-01-16 03:00:00,1.1187752365352477,1.121450184831049,1.1147657405368028,1.1162910683455414,263
2023-01-16 04:00:00,1.1187399915250202,1.1214863577238527,1.1156293230583836,1.1201497299660652,931
2023-01-16 05:00:00,1.1213339707179268,1.126038952016876,1.1139086809933325,1.1179048474348052,596
2023-01-16 06:00:00,1.1179588266684795,1.1203346480399734,1.1174080412646497,1.1191581197844143,709
2023-01-16 07:00:00,1.1154067387738145,1.1193011281521272,1.1102725846478416,1.1192285864406644,115
2023-01-16 08:00:00,1.1172748163026853,1.1212813949071205,1.1154405216082013,1.1197753293476216,443
2023-01-16 09:00:00,1.1182126823171243,1.1187120108777595,1.114503533754733,1.115455696095449,177
2023-01-16 10:00:00,1.115244566893219,1.1194796231142505,1.114667006721135,1.1155924045395944,445
2023-01-16 11:00:00,1.1171473011718422,1.1195950388896665,1.116727567926169,1.1183736813362544,171
2023-01-16 12:00:00,1.1268783221567436,1.1293396975684247,1.1239968860472322,1.126517795398721,369
2023-01-16 13:00:00,1.1330699220308664,1.1333766176534545,1.1290488145878437,1.1319339521994753,386
2023-01-16 14:00:00,1.1467431125753353,1.1490238639327022,1.1437932350019808,1.1441860882150483,165
2023-01-16 15:00:00,1.1431065689978053,1.144583476830013,1.1373004408169258,1.139804556951859,979
2023-01-16 16:00:00,1.1439630727125407,1.1502168781094944,1.143144769920617,1.1447867894984909,167
2023-01-16 17:00:00,1.1427978399600602,1.1505164649291253,1.1426504053871565,1.1458367081911096,292
2023-01-16 18:00:00,1.1574934658392348,1.1591355593846082,1.155394827962536,1.1584514244489614,154
2023-01-16 19:00:00,1.1543796134537785,1.1561723630090777,1.1536122752959177,1.1537790010880027,478
2023-01-16 20:00:00,1.1467302775356045,1.1493059519602078,1.1420107687711463,1.1489448893212193,267
2023-01-16 21:00:00,1.1433138528084192,1.145910351620885,1.1400247419823581,1.1455066983771596,508
2023-01-16 22:00:00,1.1341856805020103,1.1356983410336654,1.1322385817816076,1.1334063777469288,607
2023-01-16 23:00:00,1.130320823787616,1.1308782822240988,1.1300348098999564,1.1304308200229796,636
2023-01-17 00:00:00,1.1262220865925785,1.1275903840072001,1.1251584403081576,1.126148218036699,742
2023-01-17 01:00:00,1.125285723530955,1.1279067931671678,1.1224320878626781,1.1269953649840931,936
2023-01-17 02:00:00,1.1284025890599882,1.1304723106227106,1.128347526247111,1.1289227982980103,201
2023-01-17 03:00:00,1.1374564434199812,1.142828125062385,1.1342209948622737,1.1395628870002688,985
2023-01-17 04:00:00,1.1470296517781071,1.1473642092894025,1.143061771390151,1.144991113238593,893
2023-01-17 05:00:00,1.1440569983801383,1.145396230213127,1.1399692618205415,1.141693124285388,907
2023-01-17 06:00:00,1.1323793909052928,1.137746465480867,1.1279815494534284,1.1365760567462435,905
2023-01-17 07:00:00,1.1372568923484938,1.1412434199439556,1.1372482397940207,1.1393750152495064,521
2023-01-17 08:00:00,1.1284908026008185,1.1326128088950516,1.1249018817393115,1.1318785814214325,874
2023-01-17 09:00:00,1.140806095638082,1.143508184007007,1.1392896195910762,1.1422911287856248,577
2023-01-17 10:00:00,1.1488556021809775,1.1509769776147543,1.146781207994097,1.1490473505372212,219
2023-01-17 11:00:00,1.1430313685065348,1.1494673785502385,1.1411813386355036,1.1463549845534056,842
2023-01-17 12:00:00,1.1344820872028378,1.138624983531748,1.1342170037231516,1.136577617663281,390
2023-01-17 13:00:00,1.1419999710573803,1.146504286826463,1.1390636812860702,1.1442976231265667,587
2023-01-17 14:00:00,1.144116551825332,1.1465879718536531,1.1416295107557821,1.143642472383256,260
2023-01-17 15:00:00,1.1509021125899457,1.1530722271752445,1.147442634988719,1.150742517635976,772
2023-01-17 16:00:00,1.1399572313199524,1.1427177301750748,1.139204600114741,1.1416051098777134,177
2023-01-17 17:00:00,1.1385914944794777,1.141032474933895,1.1363359873898684,1.1381889833420895,137
2023-01-17 18:00:00,1.1369743422121192,1.1402204577710267,1.1361428112913747,1.13821882533955,493
2023-01-17 19:00:00,1.1378676765227755,1.1392799692123996,1.1367200897539578,1.138486227726371,540
2023-01-17 20:00:00,1.139728980791625,1.1400143106389897,1.1347424844422949,1.1359271414929086,639
2023-01-17 21:00:00,1.142525047244749,1.1444602152762529,1.1364233434763396,1.13947021635535,561
2023-01-17 22:00:00,1.1304579132296433,1.1336650050596861,1.1302719445382712,1.1334038138904317,711
2023-01-17 23:00:00,1.1344767390514543,1.1353501565569832,1.1319030629695808,1.1325972337689374,393
2023-01-18 00:00:00,1.135117747999962,1.136345737718888,1.1322865144396883,1.1332786711818104,499
2023-01-18 01:00:00,1.1335881285695626,1.1381884385018846,1.1331755254286406,1.136197436179041,735
2023-01-18 02:00:00,1.1421145298004407,1.1436411833163544,1.1392450662163387,1.140247311785957,191
2023-01-18 03:00:00,1.1373410338640049,1.1374799615984046,1.1336305171050345,1.1338534550254329,866
2023-01-18 04:00:00,1.1226632721902985,1.1275713156888587,1.1186132633489263,1.1251894232765791,708
2023-01-18 05:00:00,1.1303226133427173,1.1380581862506083,1.1295732752431418,1.132400574786487,105
2023-01-18 06:00:00,1.1365923353491938,1.1370480171104171,1.1334566694337034,1.1342837017177803,780
2023-01-18 07:00:00,1.130660259433345,1.1320371896094916,1.1285093991746935,1.1300466546978158,994
2023-01-18 08:00:00,1.1401011925229,1.1406987578860208,1.135919664648662,1.138845100414797,370
2023-01-18 09:00:00,1.1402801739120974,1.1447262670612441,1.1361404280870315,1.1395039683847425,719
2023-01-18 10:00:00,1.1471385507713538,1.1479434965848676,1.1451162540901298,1.1462428859315013,998
2023-01-18 11:00:00,1.1435879689064261,1.1517171619549775,1.1430640202846927,1.1466299141516458,910
2023-01-18 12:00:00,1.160932213770256,1.1641124740484812,1.155871049133275,1.1585055669832138,658
2023-01-18 13:00:00,1.1714520208233667,1.1739965424932601,1.166797238793004,1.1687181786519274,198
2023-01-18 14:00:00,1.1667287199312097,1.170195014633957,1.1636891806787357,1.1672642391558976,625
2023-01-18 15:00:00,1.1728464421693388,1.1751673472455988,1.1725235295342002,1.1729484346097903,293
2023-01-18 16:00:00,1.1731360821544992,1.178859032046945,1.1718442550451669,1.1767395115438561,256
2023-01-18 17:00:00,1.1860383396816565,1.1887253924472925,1.1836119615815002,1.184819741307674,999
2023-01-18 18:00:00,1.1804662523633096,1.181293452795864,1.1771966649856447,1.179117206817683,765
2023-01-18 19:00:00,1.1830216623561451,1.1851667830633212,1.1794706027229094,1.1831688273014487,214
2023-01-18 20:00:00,1.1921216163407693,1.1923659646552889,1.186228730303291,1.1894468991059746,495
2023-01-18 21:00:00,1.1782453416529997,1.1801716573311036,1.177145864201138,1.1790331178915174,869
2023-01-18 22:00:00,1.1734017315572633,1.1775817602926868,1.1706045055629373,1.1720782069547486,756
2023-01-18 23:00:00,1.1578222229349784,1.1653637535373271,1.151759557334879,1.1601882280596238,902
2023-01-19 00:00:00,1.1585718906884264,1.1591517517190468,1.1551388550170185,1.1586264669791406,621
2023-01-19 01:00:00,1.162385274841854,1.1640966981843484,1.1592713149568408,1.1627907498784367,979
2023-01-19 02:00:00,1.172086195662725,1.1733827335414586,1.1712415062178607,1.1715582729426721,313
2023-01-19 03:00:00,1.1711262196228596,1.173623479357227,1.1703620979328677,1.1719923851162357,844
2023-01-19 04:00:00,1.1812642836753244,1.1843479931856906,1.1780858901536353,1.1815749731327212,782
2023-01-19 05:00:00,1.1753882227499215,1.1760289144612441,1.1727897096967927,1.1734495733481345,632
2023-01-19 06:00:00,1.1624814970188975,1.1642904172402995,1.1613066068511049,1.1634978455169485,114
2023-01-19 07:00:00,1.1594372824380779,1.164338249735444,1.158213289195218,1.163174742248185,518
2023-01-19 08:00:00,1.1694885315949013,1.1726623727686551,1.1609827728355233,1.1654105644641464,467
2023-01-19 09:00:00,1.1684394620366874,1.16896094370717,1.1649211556487686,1.1652200660111611,737
2023-01-19 10:00:00,1.1502564131756876,1.1545098940670142,1.1470740199750495,1.1532369834403198,952
2023-01-19 11:00:00,1.1543132996865009,1.155883697239351,1.1506443280825853,1.1527232152887568,952
2023-01-19 12:00:00,1.1440771768849682,1.1496652712654263,1.142282928848396,1.1452292196929759,312
2023-01-19 13:00:00,1.1496758202663688,1.1514264437550321,1.1470064967946625,1.1490702896047136,799
2023-01-19 14:00:00,1.1518558658622375,1.1538791312213095,1.149414747436557,1.151178456904594,783
2023-01-19 15:00:00,1.145244141570308,1.146010198928763,1.1441876147957428,1.1457813017194673,858
2023-01-19 16:00:00,1.1410497455176947,1.143940014291886,1.1359086468581705,1.1428411848815512,104
2023-01-19 17:00:00,1.1352345993205657,1.1402075544489738,1.1344717939310451,1.1368046198374868,330
2023-01-19 18:00:00,1.1343659965372517,1.1375734116841332,1.133746985385834,1.1364484062215352,300
2023-01-19 19:00:00,1.1399890396242673,1.1430250813076415,1.1377770617029794,1.1418887364448735,984
2023-01-19 20:00:00,1.1361219694018079,1.1388873216839766,1.1336261157139664,1.13627463537587,501
2023-01-19 21:00:00,1.1375112189063632,1.1398176097759807,1.1361027003073298,1.1391419233276365,248
2023-01-19 22:00:00,1.137675523879035,1.1405598760732087,1.1327025258594812,1.1361257300768188,683
2023-01-19 23:00:00,1.134996656551131,1.1356520671872685,1.129357658017815,1.1316306299438423,591
2023-01-20 00:00:00,1.1297130881249549,1.1336426538941429,1.127042487063182,1.1310251977890524,325
2023-01-20 01:00:00,1.1257246469264242,1.128726117819404,1.1229445867146666,1.1251858977906841,685
2023-01-20 02:00:00,1.1231967818708852,1.1266820890012377,1.120508408212937,1.1220754131177413,918
2023-01-20 03:00:00,1.1164278713476015,1.1179061375888037,1.1150979474298477,1.115374952326752,268
2023-01-20 04:00:00,1.1265570837576262,1.1292351280991872,1.1255282007458445,1.1263859738607833,860
2023-01-20 05:00:00,1.1282579823623384,1.1324310975589342,1.1237242732013357,1.1265845932219767,891
2023-01-20 06:00:00,1.123732773778543,1.125627623965901,1.122272095290672,1.1226499802241627,251
2023-01-20 07:00:00,1.1210698475586172,1.126465462037148,1.1197265741967688,1.123851745706473,323
2023-01-20 08:00:00,1.1251732307586864,1.1264784684604958,1.12050756179825,1.1232207225533763,603
2023-01-20 09:00:00,1.1239714655783255,1.1265710223390526,1.1201648022693278,1.1219804196863645,836
2023-01-20 10:00:00,1.1237130784269769,1.1273445418008092,1.121803393402022,1.1254311303129325,649
2023-01-20 11:00:00,1.129787543596848,1.1307313246190085,1.12861057106572,1.1297018267128347,143
2023-01-20 12:00:00,1.128249082997493,1.1284915310311396,1.125513405619981,1.1267092567942207,796
2023-01-20 13:00:00,1.122999707742663,1.1243404238389827,1.1215096305213361,1.123470023346202,603
2023-01-20 14:00:00,1.1243336275949172,1.1250603642066737,1.12184171118078,1.1219260236058244,340
2023-01-20 15:00:00,1.1143306054718978,1.117191798309409,1.1083890852842584,1.1090871243769953,942
2023-01-20 16:00:00,1.098986182190459,1.103567301688558,1.0987018348868889,1.1007164777452567,450
2023-01-20 17:00:00,1.1052038213834274,1.1094712287151327,1.0999414174691444,1.1082649480341216,821
2023-01-20 18:00:00,1.1180968218780323,1.1199882008855282,1.113328799048421,1.1174178372420027,122
2023-01-20 19:00:00,1.1176378835151644,1.1187869550813372,1.114652444572756,1.1160273165824794,735
2023-01-20 20:00:00,1.118732430967178,1.1202815527175154,1.1164117740165864,1.1192492249871808,697
2023-01-20 21:00:00,1.1242506018827814,1.1259517384650501,1.1189511161513144,1.1209924135258644,142
2023-01-20 22:00:00,1.135335246601318,1.1415578773979023,1.1347811386225382,1.1383829386091744,565
2023-01-20 23:00:00,1.1463598026467596,1.1487760804705616,1.144098559640456,1.1447733331234173,139
2023-01-21 00:00:00,1.1426551242797092,1.146774551337894,1.1410709069901568,1.144041383983474,402
2023-01-21 01:00:00,1.1425038592984877,1.1431569220148141,1.1339711511946153,1.1385885313682966,780
2023-01-21 02:00:00,1.1339807669646473,1.1358975436326058,1.127478226414002,1.1294797554569662,274
2023-01-21 03:00:00,1.1288957714877486,1.1318807360995415,1.1281448765765554,1.1306293804134193,631
2023-01-21 04:00:00,1.1251236930855835,1.126438117447759,1.123541453694641,1.1263616932979155,560
2023-01-21 05:00:00,1.1203029377832998,1.1238761573532556,1.1127918549632663,1.1183802455590597,720
2023-01-21 06:00:00,1.1139073882222172,1.115708478973526,1.1133994336949167,1.1147705118874836,292
2023-01-21 07:00:00,1.1086576932794807,1.1100399424416434,1.1055379805042158,1.108758393417556,343
2023-01-21 08:00:00,1.1182078932812667,1.1201785037179717,1.1172515240998924,1.1181511170996847,935
2023-01-21 09:00:00,1.1187790941510327,1.1230940072920859,1.1158232892054334,1.1230910295538346,379
2023-01-21 10:00:00,1.12301517957843,1.1239344125543143,1.1227725765834924,1.123046260436438,839
2023-01-21 11:00:00,1.1298266132512713,1.133554074487225,1.1277779019409095,1.1313873117555546,135
2023-01-21 12:00:00,1.130708806488426,1.1331591060096378,1.128542382116038,1.1318250640284993,656
2023-01-21 13:00:00,1.1302152639143692,1.1312519846886537,1.1254658481074302,1.1269614287439498,997
2023-01-21 14:00:00,1.1327229829528889,1.1375224056208555,1.1303984522437127,1.1355767028651549,639
2023-01-21 15:00:00,1.1404925945498545,1.144318666843674,1.13777208404535,1.1386406975077432,253
2023-01-21 16:00:00,1.13211873972372,1.1345748484302063,1.1298606936484643,1.1327507306500353,122
2023-01-21 17:00:00,1.1310400179046736,1.1341104924792398,1.1283664880348792,1.131673212081662,818
2023-01-21 18:00:00,1.128510544061507,1.1334075517477382,1.1265797334030632,1.1267294734409854,190
2023-01-21 19:00:00,1.1197271479215192,1.1224014805058455,1.1181647786065068,1.1189661361551624,489
2023-01-21 20:00:00,1.1254428800059895,1.1276009807800265,1.1214006552582696,1.1241599594383709,458
2023-01-21 21:00:00,1.137141473683887,1.1402174611324487,1.1321968749942344,1.1349438033220007,649
2023-01-21 22:00:00,1.1262882177038192,1.130604529111159,1.1253002843280326,1.127035009997726,327
2023-01-21 23:00:00,1.1288279948407351,1.1311454619161687,1.1257349460194428,1.1302119093380851,301
2023-01-22 00:00:00,1.1240961304380508,1.1270233757987682,1.1217009597478358,1.126541063694966,449
2023-01-22 01:00:00,1.1219453750754778,1.1246533207247251,1.12136634912988,1.123800568721516,920
2023-01-22 02:00:00,1.1270856143611494,1.1286420580244232,1.1176339941666484,1.1204768304126342,865
2023-01-22 03:00:00,1.1184241080857742,1.119018252983137,1.1145503761485274,1.115646862348019,137
2023-01-22 04:00:00,1.1129021849725476,1.117385579150734,1.1101795360390705,1.1159175601933047,832
2023-01-22 05:00:00,1.1083515484213464,1.1114453603762207,1.1051935717158028,1.1112908191935436,599
2023-01-22 06:00:00,1.113867052601391,1.1165113582551698,1.1093421819192362,1.1127946166825062,798
2023-01-22 07:00:00,1.1137328090301952,1.1160890537482704,1.1105520141566412,1.1125151282976597,142
2023-01-22 08:00:00,1.1124065802969794,1.1137172447230563,1.1094942227034583,1.1111867554008628,970
2023-01-22 09:00:00,1.1055917735081806,1.1082256457485502,1.1049151204871481,1.106155815175485,725
2023-01-22 10:00:00,1.1026936710195911,1.1033628920010738,1.1023729476751365,1.102970415694203,871
2023-01-22 11:00:00,1.1078701834388591,1.1098927354400712,1.1055859459127426,1.1071441636357617,616
2023-01-22 12:00:00,1.1101112456009388,1.1110380339235426,1.1061638362031587,1.1099205767707674,167
2023-01-22 13:00:00,1.0996062965396445,1.1052687911369579,1.09928889194551,1.1045087699895257,839
2023-01-22 14:00:00,1.104549589652361,1.1058273485349936,1.098577625700121,1.1050574732505956,222
2023-01-22 15:00:00,1.1073281226781109,1.1112086880956902,1.1065765662079923,1.1092169115090091,784
2023-01-22 16:00:00,1.100382246515938,1.1014555711837846,1.0992308384891967,1.099996782521817,435
2023-01-22 17:00:00,1.1095747356427386,1.111958841162259,1.102824031677637,1.1029893180597123,252
2023-01-22 18:00:00,1.1001490057076528,1.101241233899569,1.098530553575341,1.0993410303621294,878
2023-01-22 19:00:00,1.1017905997218544,1.1070573647264608,1.1000122074111416,1.1024819213434736,768
2023-01-22 20:00:00,1.1003073393636558,1.1029043467455713,1.0958230752891738,1.0982825423693527,261
2023-01-22 21:00:00,1.089466507912405,1.0919598458592696,1.0877996186326766,1.0884157776881302,313
2023-01-22 22:00:00,1.0805015679249321,1.0835007562146146,1.0788618675324795,1.0795945045183915,475
2023-01-22 23:00:00,1.0811647171428231,1.082816434864844,1.0797648206442505,1.0798540969441892,542
2023-01-23 00:00:00,1.0857046254725542,1.085819942073047,1.0812149354484146,1.0812573199061983,522
2023-01-23 01:00:00,1.0739448314685833,1.0775654922959574,1.0722213002807273,1.0763793614122728,637
2023-01-23 02:00:00,1.0808445692017372,1.0812077661384516,1.0785714133931803,1.0798216928198245,903
2023-01-23 03:00:00,1.0689040243186116,1.0729125570388909,1.067920542135949,1.0708881254220362,800
2023-01-23 04:00:00,1.0717237542625813,1.0727972604885099,1.0672361729437443,1.070534363508036,733
2023-01-23 05:00:00,1.0621166799365422,1.0659412950707627,1.059450024054944,1.0640717767135819,329
2023-01-23 06:00:00,1.0597240936263057,1.0621843378098952,1.0582708411651747,1.0606094199744944,158
2023-01-23 07:00:00,1.0602347084991257,1.0622135904173542,1.058495290883166,1.0608608071483252,195
2023-01-23 08:00:00,1.058368239596951,1.058826900659288,1.0542977191978216,1.0563067160883208,361
2023-01-23 09:00:00,1.056214236377807,1.0568550416975582,1.0528102131548747,1.0542776244391765,453
2023-01-23 10:00:00,1.0569556384806247,1.0600593710755422,1.0558635619000274,1.059595551662046,411
2023-01-23 11:00:00,1.0566596756729791,1.058278991779965,1.05438137182806,1.0565435951067195,235
2023-01-23 12:00:00,1.0594618746776723,1.0631747806673983,1.0588684799501344,1.0609675570877761,961
2023-01-23 13:00:00,1.0523361151730293,1.059095867929797,1.0467070280102069,1.054991539238735,894
2023-01-23 14:00:00,1.0573308218324862,1.0616425917807824,1.053628100946297,1.057789938737433,572
2023-01-23 15:00:00,1.064784525515192,1.066715426814958,1.064406544292697,1.065441866471005,731
2023-01-23 16:00:00,1.0574634638035854,1.0582464348985436,1.0521824086957206,1.0523559248588685,529
2023-01-23 17:00:00,1.0490788122075523,1.0503047954309124,1.0473969616029475,1.04817118018531,636
2023-01-23 18:00:00,1.048303596664217,1.051411139555401,1.0449921391589216,1.0511998994206828,953
2023-01-23 19:00:00,1.0489470586152907,1.0502537702879837,1.0472312081311375,1.050133234518835,245
2023-01-23 20:00:00,1.054232968560243,1.055098599430638,1.05126063691211,1.0520838069087062,623
2023-01-23 21:00:00,1.0532925671876843,1.0537793347139044,1.047690909342592,1.0489113843874742,186
2023-01-23 22:00:00,1.0460370550926632,1.05228952077236,1.0460031151283542,1.049365607777406,208
2023-01-23 23:00:00,1.0446067278122242,1.0503093114487054,1.0421898551109607,1.0485491139087302,522
2023-01-24 00:00:00,1.0586359813066808,1.0604839878333512,1.05385114614197,1.0546894070040047,444
2023-01-24 01:00:00,1.0568548256105657,1.0588970004013458,1.0544532615008229,1.0560319355828465,365
2023-01-24 02:00:00,1.0559790489630252,1.0579839936130218,1.0553866403798375,1.057816036916058,833
2023-01-24 03:00:00,1.0567685797240345,1.0574036256718045,1.0526779854323776,1.0556398282107728,685
2023-01-24 04:00:00,1.0475180303199234,1.0551872161027869,1.0472914752354923,1.0530692802689172,593
2023-01-24 05:00:00,1.0508012666744475,1.0515581886358496,1.048456995048746,1.0507941727491228,432
2023-01-24 06:00:00,1.0535589631291415,1.054691846143336,1.0514256169491487,1.0528686578526074,921
2023-01-24 07:00:00,1.0525969595457971,1.053976711702947,1.0477087262571372,1.0506547818621217,512
2023-01-24 08:00:00,1.0500445535381997,1.0544302162383574,1.0494084675370032,1.0521781518767568,713
2023-01-24 09:00:00,1.063335652862554,1.0669914872072606,1.0602912343626512,1.0631534556590507,748
2023-01-24 10:00:00,1.065817925103861,1.0697084490154736,1.065405870884768,1.067794251295288,290
2023-01-24 11:00:00,1.0665995452528187,1.0670673607990806,1.0629174575884974,1.0660550389736014,241
2023-01-24 12:00:00,1.0705566292670654,1.0741756080959928,1.0705098314953285,1.0724771061326543,968
2023-01-24 13:00:00,1.0694175061989057,1.071512582298521,1.067904854974747,1.0702910795743457,172
2023-01-24 14:00:00,1.0573295205539157,1.0612458109103342,1.0542101608560779,1.0594395329474324,939
2023-01-24 15:00:00,1.055485678217595,1.0580804495843517,1.0537051468155414,1.0541129359464552,266
2023-01-24 16:00:00,1.0460917372048173,1.0491298338579447,1.0438426515943344,1.0442987783001076,267
2023-01-24 17:00:00,1.04197579733951,1.0424944650139172,1.039289868349228,1.0424649647879085,665
2023-01-24 18:00:00,1.0426407026660094,1.0438843882849747,1.0422836439679657,1.0425609717836402,358
2023-01-24 19:00:00,1.0482907261521945,1.0519657221342782,1.0455213678922002,1.051336640615164,538
2023-01-24 20:00:00,1.0524254466768033,1.0547602751710634,1.047914736363497,1.0530565996206747,210
2023-01-24 21:00:00,1.0517979841657927,1.0531331862580195,1.0508097895325477,1.0519036050011006,843
2023-01-24 22:00:00,1.0618114924680147,1.0634028456812115,1.0559395562819478,1.0562749363571486,772
2023-01-24 23:00:00,1.042338160158735,1.0451242797315965,1.0399282604288012,1.0446614182591403,963
2023-01-25 00:00:00,1.0489555756092626,1.0514247375502044,1.0446199918328016,1.0458928306556219,938
2023-01-25 01:00:00,1.0520250888425102,1.0558556045754985,1.047815436159595,1.0499318213472084,630
2023-01-25 02:00:00,1.042783326865806,1.0439645805380975,1.0416694800657387,1.0421983692595769,389
2023-01-25 03:00:00,1.0518622229281125,1.0536117154907845,1.0444166193548736,1.048175536987356,661
2023-01-25 04:00:00,1.0507324424189732,1.0511726364441831,1.0493464827705046,1.0499510573501545,609
2023-01-25 05:00:00,1.0485886604678127,1.0506534029501724,1.0472596694769998,1.047773159347944,274
2023-01-25 06:00:00,1.0509817988888996,1.0511059863436705,1.0504143698286221,1.0510934684317508,401
2023-01-25 07:00:00,1.0656965612474278,1.0673675793792676,1.0598133512466992,1.0630950212732597,795
2023-01-25 08:00:00,1.0663955893425907,1.0667971114573502,1.0606695575860785,1.064062166485763,284
2023-01-25 09:00:00,1.064050424367679,1.067925842929684,1.0638300847343831,1.065383597005914,438
2023-01-25 10:00:00,1.0601348674186442,1.0651110451060144,1.0571004388974057,1.0629394271331918,609
2023-01-25 11:00:00,1.0580026617323572,1.0603775626837322,1.0574524236426817,1.0584323442761199,918
2023-01-25 12:00:00,1.0611351309639523,1.0638128294401472,1.0592675077050697,1.0628357501394163,409
2023-01-25 13:00:00,1.0581616347994893,1.0605816764989189,1.0575919609542213,1.058296090417411,606
2023-01-25 14:00:00,1.061294938786621,1.0625973336267684,1.0582179527175661,1.0586748495245557,445
2023-01-25 15:00:00,1.0551834890105365,1.0565639663124549,1.0526979801216056,1.0561494467906092,180
2023-01-25 16:00:00,1.0585911767214933,1.0598374783690565,1.0554793754254201,1.0586818493945418,473
2023-01-25 17:00:00,1.0605725939452357,1.0651788121806038,1.0591297612458477,1.0604495335811064,255
2023-01-25 18:00:00,1.0677739170252984,1.0677912431554277,1.0620418020071405,1.065965121568314,886
2023-01-25 19:00:00,1.0584722746485917,1.063586462931103,1.0556606207601051,1.0632502861029935,894
2023-01-25 20:00:00,1.060528121842123,1.0624059328050661,1.059458477387006,1.0618165306463825,531
2023-01-25 21:00:00,1.0570793860271772,1.0598093439410567,1.0553483940020878,1.0566328874314963,599
2023-01-25 22:00:00,1.0568186765557925,1.0577101666755273,1.0505657636784604,1.0542882183461009,860
2023-01-25 23:00:00,1.0552398404346761,1.0590468693288135,1.0515656188016307,1.0562790128980641,246
2023-01-26 00:00:00,1.0563051847524363,1.060742503618289,1.0535810146926219,1.0602845444144269,580
2023-01-26 01:00:00,1.0567151051942765,1.0586963984485,1.0552836336030025,1.0554070095862893,534
2023-01-26 02:00:00,1.058658965590844,1.0634723015906267,1.0567266582175685,1.060005941405045,618
2023-01-26 03:00:00,1.064676006971845,1.070014986367748,1.0637780231712408,1.0672152678162314,768
2023-01-26 04:00:00,1.068088290335029,1.0717595939524174,1.0679608581908153,1.0694236698108222,782
2023-01-26 05:00:00,1.0791079604005658,1.0800540428669392,1.0754353980533262,1.079506352992321,168
2023-01-26 06:00:00,1.0740372605486768,1.0760802075863414,1.0722979112598652,1.075337870227869,705
2023-01-26 07:00:00,1.0639524996161842,1.0697122287524707,1.0635528783380062,1.0686665288610118,980
2023-01-26 08:00:00,1.061104726454474,1.0625613124569635,1.0575368171408215,1.0592043735762136,974
2023-01-26 09:00:00,1.0698781482683248,1.0716731741496899,1.0667231311915106,1.067157164200802,987
2023-01-26 10:00:00,1.0720495471325109,1.0721949996287563,1.0691946140989346,1.0706544373104447,285
2023-01-26 11:00:00,1.06792145932577,1.0746810051740752,1.0658657043529522,1.0703569187832496,781
2023-01-26 12:00:00,1.0714243598285877,1.0749474154453882,1.0687968429616288,1.071856299768611,303
2023-01-26 13:00:00,1.065827525820724,1.06693364658047,1.0611450341609598,1.0658414271965866,653
2023-01-26 14:00:00,1.080247511121295,1.0803682048852519,1.0772992143668274,1.078955366281461,112
2023-01-26 15:00:00,1.0810958622161106,1.0817653842651684,1.0796490095938012,1.0796527109751128,765
2023-01-26 16:00:00,1.0786572416205316,1.082719391924262,1.0763067685698393,1.0802434144429056,373
2023-01-26 17:00:00,1.08434835302479,1.090502043897643,1.0790415477569864,1.0841705586883763,397
2023-01-26 18:00:00,1.087775104468993,1.0878112411027105,1.083654029146713,1.0867811769963027,150
2023-01-26 19:00:00,1.0911662876720596,1.0913972193936292,1.0875082520915151,1.0879984228910489,599
2023-01-26 20:00:00,1.0852336918118668,1.0862182947951593,1.0785516900316012,1.0837067348479619,468
2023-01-26 21:00:00,1.0879786638993552,1.0917348592007716,1.0858458744877306,1.0862644154967436,823
2023-01-26 22:00:00,1.0967183800722486,1.098664681125662,1.0957332076702464,1.0965345424860393,755
2023-01-26 23:00:00,1.1070500202014197,1.10875885414862,1.1038494422784566,1.1039359072093358,456
2023-01-27 00:00:00,1.1136768450657835,1.1144703460293277,1.1113082217728525,1.1127649057477338,102
2023-01-27 01:00:00,1.1080127388175518,1.1127246050311876,1.1034709624328956,1.1099242234776425,353
2023-01-27 02:00:00,1.1075457486896412,1.109023633558476,1.1036207609349253,1.1044458563926598,574
2023-01-27 03:00:00,1.105292074068857,1.106912363498338,1.1005385747243495,1.103751450570012,946
2023-01-27 04:00:00,1.1030807321802683,1.1064792774291252,1.1017768500385032,1.10405902568087,605
2023-01-27 05:00:00,1.109051253491187,1.1110601508088076,1.1080751554593982,1.1101158389667531,355
2023-01-27 06:00:00,1.1014142341004884,1.1048174660693348,1.0973090111283128,1.1007613163255703,709
2023-01-27 07:00:00,1.110239478590722,1.11143699402684,1.1081976460042833,1.1092119383815466,784
2023-01-27 08:00:00,1.1087732954438119,1.1096301169806306,1.1074639637215176,1.1083359632172844,249
2023-01-27 09:00:00,1.1066614457085284,1.1085156884376877,1.1042864207241585,1.105972847828286,587
2023-01-27 10:00:00,1.1041314183650248,1.1056313381740388,1.0987167921668963,1.1003901855433729,378
2023-01-27 11:00:00,1.0936616090594955,1.1000360288495645,1.0904636954958553,1.091322810091433,158
2023-01-27 12:00:00,1.0962415966311956,1.0973887546722492,1.0949856315474027,1.0958237905987096,545
2023-01-27 13:00:00,1.0982893595828533,1.1009698900409417,1.0933487283660754,1.096225582104168,212
2023-01-27 14:00:00,1.0869286895290569,1.093572375597499,1.086065417435191,1.0891778939504522,935
2023-01-27 15:00:00,1.0830090556863685,1.0891439249371948,1.0820580667153932,1.0821478239040236,854
2023-01-27 16:00:00,1.084241809734755,1.0860069138966557,1.0779578492165391,1.080332504813192,921
2023-01-27 17:00:00,1.0889106461506124,1.0896659463465652,1.0849978304192678,1.0893857183193696,668
2023-01-27 18:00:00,1.0861282549281024,1.0884636759537107,1.0842742438154063,1.087972660008168,588
2023-01-27 19:00:00,1.0784181329635971,1.0828262289882924,1.076974267150522,1.0798264185819302,506
2023-01-27 20:00:00,1.076150094705957,1.0798751440081769,1.0740444823202508,1.0785004341135536,466
2023-01-27 21:00:00,1.0753403484763675,1.0805123836987076,1.0714723920691056,1.0770307739268858,159
2023-01-27 22:00:00,1.061817696368283,1.0655649596039105,1.0606435272560002,1.0626051039615247,428
2023-01-27 23:00:00,1.0593303585434066,1.062390080510465,1.0573460378518407,1.06231667310268,827
2023-01-28 00:00:00,1.0611238979373787,1.0645549643339234,1.0587431288423548,1.0610907529979163,568
2023-01-28 01:00:00,1.066712353082879,1.0672017230168174,1.0643634757923486,1.0647908800709904,844
2023-01-28 02:00:00,1.0727291849095695,1.0752146453525093,1.0721772584040812,1.0746802802417124,666
2023-01-28 03:00:00,1.0840347822973202,1.08539332425303,1.0800062594504962,1.080750847521118,984
2023-01-28 04:00:00,1.0804014100184793,1.0804998645813424,1.077681127852357,1.0792988154263254,819
2023-01-28 05:00:00,1.0755562780136365,1.0768972969363075,1.0726188647613653,1.0733439431546117,162
2023-01-28 06:00:00,1.0858132217941943,1.0887732963801409,1.0846294959514735,1.0872436747095566,283
2023-01-28 07:00:00,1.0894243512753556,1.0941196148281611,1.0836139646905447,1.087565646712941,410
2023-01-28 08:00:00,1.0852661294273882,1.0883272538351694,1.0825110921375807,1.0876413944475292,892
2023-01-28 09:00:00,1.0894465116276701,1.091496899424877,1.0841690328087852,1.0875102051431442,637
2023-01-28 10:00:00,1.0889619591337754,1.0894979105254667,1.0883454740149807,1.0885878347041298,276
2023-01-28 11:00:00,1.0890060292511343,1.0907534048245398,1.0871516809283461,1.0878023732709055,674
2023-01-28 12:00:00,1.0821363856765824,1.0879016155573227,1.080333205008025,1.0846866893180933,528
2023-01-28 13:00:00,1.0797884486621274,1.0823376153131958,1.078427376845081,1.081724887310671,172
2023-01-28 14:00:00,1.0828396133512088,1.0840644703422273,1.0796782998831038,1.0815477516778278,946
2023-01-28 15:00:00,1.0765672402220068,1.079629775838828,1.0707375341896712,1.0786130412720478,266
2023-01-28 16:00:00,1.0757711460665422,1.0773168515365468,1.0732278063903704,1.0747754605546969,324
2023-01-28 17:00:00,1.0724072591495808,1.0756868214123612,1.0704253158245753,1.0753475557466725,676
2023-01-28 18:00:00,1.0757993236507657,1.0771799331129763,1.0712850091717703,1.0739774836375535,680
2023-01-28 19:00:00,1.0794168115619924,1.0856883015645915,1.0789527598300945,1.0820841995710202,108
2023-01-28 20:00:00,1.0690155059820685,1.0708460236529116,1.0670121391113632,1.0678359744977346,335
2023-01-28 21:00:00,1.0750231118709,1.075099580574068,1.0721707939648395,1.0736796574578358,809
2023-01-28 22:00:00,1.0788844509375637,1.0817995116918857,1.078364694561692,1.0803900215774591,784
2023-01-28 23:00:00,1.0704921885624055,1.0739848515476635,1.0678239454436793,1.0692475276266686,893
2023-01-29 00:00:00,1.0679730080051428,1.0689988185097679,1.0666292181594976,1.0674170070026938,127
2023-01-29 01:00:00,1.0642882317550495,1.0676847355690313,1.064023680150239,1.0654364352478982,907
2023-01-29 02:00:00,1.0558306558279487,1.059705636561124,1.0538540222325814,1.0579646863078747,745
2023-01-29 03:00:00,1.0497215056330778,1.0558871591042698,1.048090371301912,1.053858163848574,126
2023-01-29 04:00:00,1.0487553164752816,1.0502084068857636,1.047958554356831,1.048022434287842,649
2023-01-29 05:00:00,1.0539361100702773,1.0595831421454684,1.0520448153841524,1.0572448694737993,295
2023-01-29 06:00:00,1.0624052133114974,1.0642356026230357,1.0608155327968614,1.0622026635862891,302
2023-01-29 07:00:00,1.068414182619322,1.0695147266555562,1.0672393771207411,1.0689774230095703,184
2023-01-29 08:00:00,1.0742988715947037,1.07479584427868,1.0721651845827762,1.072841646288172,931
2023-01-29 09:00:00,1.0661577948956389,1.0680320919178674,1.0655862267900391,1.0668022405268325,129
2023-01-29 10:00:00,1.0633070388660057,1.0671384947779903,1.061786138939926,1.0640081090984013,565
2023-01-29 11:00:00,1.0681760376473617,1.0696704057126256,1.0665057415051262,1.0666147894130975,198
2023-01-29 12:00:00,1.0608273659870682,1.063027662129428,1.0600827762631555,1.0601169645855628,998
2023-01-29 13:00:00,1.0645757364125294,1.0659924076605267,1.0635980898378727,1.063903017858608,289
2023-01-29 14:00:00,1.0636226823514305,1.0653162606756783,1.0615289429083432,1.0626253710579392,111
2023-01-29 15:00:00,1.057378400076887,1.0626511081554888,1.055421420507227,1.0606357655056609,702
2023-01-29 16:00:00,1.0660238938701554,1.069101727143687,1.0606758015052482,1.0644128227200205,129
2023-01-29 17:00:00,1.0680865872652063,1.0691181663099787,1.0652967058767606,1.0667798485305913,824
2023-01-29 18:00:00,1.0626909850769481,1.0650323870159317,1.0616853702613125,1.0648562277992744,137
2023-01-29 19:00:00,1.0705239072182402,1.0715674756245044,1.0690189402200831,1.071046750414577,952
2023-01-29 20:00:00,1.0651892760810686,1.067299823822782,1.0646826570689831,1.0652730220672293,671
2023-01-29 21:00:00,1.0682713414919731,1.0696848197326154,1.0672747911377376,1.068558776930856,393
2023-01-29 22:00:00,1.0724479149457395,1.0728573159735013,1.0706162184264112,1.0717322979274266,459
2023-01-29 23:00:00,1.073138165456745,1.073563548145848,1.0677644644771527,1.0700748263357633,754
2023-01-30 00:00:00,1.0741401044849694,1.075236065678898,1.0696838448174264,1.071821183496327,279
2023-01-30 01:00:00,1.0623418738724804,1.0678481847830061,1.059946611459608,1.0651372609874938,896
2023-01-30 02:00:00,1.0714010411056598,1.0716717074353252,1.0676516883282088,1.0700697245792683,211
2023-01-30 03:00:00,1.0719223652865475,1.0729281089962956,1.0673193943432573,1.069080890852283,841
2023-01-30 04:00:00,1.0671152735518867,1.0692342785005842,1.0637502760901911,1.0662903731481617,543
2023-01-30 05:00:00,1.0742366471675913,1.0773416320830136,1.0715829841795905,1.0718978081146855,120
2023-01-30 06:00:00,1.0724282560861726,1.073857308931118,1.0633875044051202,1.0681295251349538,244
2023-01-30 07:00:00,1.0628054160442355,1.0640339734547983,1.0576647548640314,1.0606338540416222,598
2023-01-30 08:00:00,1.0529355781907148,1.0541514313849836,1.0518859494721102,1.0524108280595514,245
2023-01-30 09:00:00,1.0578109215511664,1.0580831162861903,1.053149095154088,1.0556045213143317,540
2023-01-30 10:00:00,1.0491719098550714,1.0521241426838488,1.0480007195343606,1.0488679734393187,986
2023-01-30 11:00:00,1.0581617852905574,1.0591863366716014,1.0580426435417296,1.0581112011348754,520
2023-01-30 12:00:00,1.0464177979755291,1.0491543950186157,1.043357539489862,1.0471537674572606,415
2023-01-30 13:00:00,1.059375958239306,1.059458044822315,1.055460316929241,1.0560737984704236,265
2023-01-30 14:00:00,1.0554581696124756,1.0584749196144034,1.0531941236032558,1.0571886365834517,751
2023-01-30 15:00:00,1.059915977269183,1.0611720419486677,1.0536580626063565,1.0566775401533366,302
2023-01-30 16:00:00,1.05485595593972,1.0557201701388435,1.0507794818151202,1.0538024398733143,595
2023-01-30 17:00:00,1.0529525168074347,1.05666145333068,1.052352850675879,1.0559075928367883,855
2023-01-30 18:00:00,1.0564851789642387,1.0566569178607825,1.0515635939670973,1.055708917689852,724
2023-01-30 19:00:00,1.0570902776468496,1.0616292897629989,1.0561160106770169,1.0615488390491898,567
2023-01-30 20:00:00,1.0634840766740488,1.0685640678412327,1.059928176357542,1.062155303359307,812
2023-01-30 21:00:00,1.0648357428111537,1.0673578204200866,1.0627814812547969,1.0629538224339894,484
2023-01-30 22:00:00,1.0597660564696207,1.0625569351431416,1.0560683549332803,1.06102306313068,413
2023-01-30 23:00:00,1.0609831023066134,1.0612203363420252,1.0588969159991348,1.06072100303466,870
2023-01-31 00:00:00,1.066506735611248,1.0686550154877594,1.0611473030612817,1.0623547188689333,354
2023-01-31 01:00:00,1.052244003602225,1.0544006366908916,1.049957728424234,1.053309419136818,122
2023-01-31 02:00:00,1.0440172865227992,1.0462878472319277,1.0433211987477555,1.0462330146769403,857
2023-01-31 03:00:00,1.053240259179578,1.0538797115168195,1.0448928434553546,1.0501283855859582,438
2023-01-31 04:00:00,1.0551513821832792,1.055322142264634,1.049976706206276,1.051025922159786,592
2023-01-31 05:00:00,1.050067271809043,1.0567255924149361,1.0475453151130438,1.0500595104583001,922
2023-01-31 06:00:00,1.052280687107121,1.052723909498884,1.048460104287426,1.0501562985523472,610
2023-01-31 07:00:00,1.054805380575779,1.055835874970945,1.0515127824289072,1.0519829609644138,465
2023-01-31 08:00:00,1.0475897474047884,1.052489590779318,1.0454006277844663,1.0491476986524952,471
2023-01-31 09:00:00,1.044058489519014,1.0451132813498387,1.0403334504586834,1.0450728494234334,929
2023-01-31 10:00:00,1.0486719409985636,1.0511656061524437,1.0425787059661105,1.0460967134328447,698
2023-01-31 11:00:00,1.044500019285397,1.0446042189292946,1.039151646405483,1.040991847032858,318
2023-01-31 12:00:00,1.0442932596315952,1.0464781740273739,1.0428116575680448,1.0431189562408894,574
2023-01-31 13:00:00,1.0324567174474126,1.0352559288317646,1.0310515561458187,1.0342766603499487,522
2023-01-31 14:00:00,1.0437440827494788,1.0443514319293206,1.038333927157837,1.0396125354685493,455
2023-01-31 15:00:00,1.0409654116936458,1.04406830731854,1.0399042867849762,1.0420720315379868,559
2023-01-31 16:00:00,1.0427075227511533,1.0450573159188752,1.041014779739593,1.0434068928930396,602
2023-01-31 17:00:00,1.0492641553621362,1.0493355223148648,1.047850177581444,1.0485462412629438,126
2023-01-31 18:00:00,1.0606008051967366,1.0634962916274178,1.0511070389089723,1.05731433301947,901
2023-01-31 19:00:00,1.0645055193898516,1.0659990095242158,1.0605057654537344,1.0626904950832285,900
2023-01-31 20:00:00,1.0538276439082985,1.0549212454954489,1.049351602148002,1.052953975352613,959
2023-01-31 21:00:00,1.0472082223167065,1.0482466445060783,1.0454162690028772,1.0462388014437596,322
2023-01-31 22:00:00,1.0430661240083001,1.0430695015218245,1.0397046083199668,1.0429753545543865,963
2023-01-31 23:00:00,1.0442758284501927,1.045142103058487,1.0399978161508967,1.04311142504147,789
2023-02-01 00:00:00,1.0405238995488466,1.0491704854686719,1.0384401158915237,1.0458148022939355,247
2023-02-01 01:00:00,1.0414085655070315,1.0426208629594236,1.0394878146567674,1.042026711297273,523
2023-02-01 02:00:00,1.0435036432477418,1.0437929967563824,1.0410089117434564,1.0430002455729812,838
2023-02-01 03:00:00,1.0366763879243053,1.0413254714682183,1.035601937224902,1.0390683525395379,450
2023-02-01 04:00:00,1.0366965423432937,1.0384967886167749,1.0348474420500122,1.0358961606599049,285
2023-02-01 05:00:00,1.0282152951905927,1.0288371766260571,1.0278461359274058,1.028635948087104,514
2023-02-01 06:00:00,1.027493394308664,1.0297619631626478,1.0220673290547204,1.023898536312589,905
2023-02-01 07:00:00,1.020201456402105,1.0207243725424036,1.015443225244104,1.0170019282147782,528
2023-02-01 08:00:00,1.0111088515215778,1.0125292095930398,1.0105738821219497,1.0120516901485912,140
2023-02-01 09:00:00,1.0170905350946324,1.0182253869311901,1.0163465130546896,1.017397458903542,492
2023-02-01 10:00:00,1.0124295681448419,1.0136622907929993,1.0084981668450301,1.0125793236967875,802
2023-02-01 11:00:00,1.0250680949231812,1.0266001739731054,1.0201787138299176,1.0259948955573208,178
2023-02-01 12:00:00,1.028929905072513,1.0320110514059584,1.0278167442437252,1.0285287274752162,816
2023-02-01 13:00:00,1.0279184411507247,1.032117115780212,1.0269069400461164,1.0294797131642768,995
2023-02-01 14:00:00,1.0227529495415786,1.0264350812641743,1.0185305750787317,1.0250708712344094,889
2023-02-01 15:00:00,1.029947623334952,1.0314346688931604,1.0283412451808838,1.0286664989858147,883
2023-02-01 16:00:00,1.0270014885404242,1.0296100694403596,1.0240284283392973,1.0257100588866181,643
2023-02-01 17:00:00,1.0246849868482366,1.0277088926463778,1.0242843910817925,1.0263359832603214,549
2023-02-01 18:00:00,1.041419508314371,1.0428190607605403,1.0389399907345682,1.0395579605831697,573
2023-02-01 19:00:00,1.0377462885321573,1.0398571983767122,1.0342859093330465,1.039058781303287,241
2023-02-01 20:00:00,1.045575921193809,1.0476554222292933,1.0406074384392543,1.0450467821590768,350
2023-02-01 21:00:00,1.043087550438637,1.0436081516582456,1.0405175098822723,1.041378972428852,393
2023-02-01 22:00:00,1.0411268123820625,1.0436603956161778,1.0366799791723609,1.0411968069721498,709
2023-02-01 23:00:00,1.0514118700830364,1.0519433866564942,1.0498639696329937,1.0504564989900058,235
2023-02-02 00:00:00,1.0460870691542616,1.0493245852654987,1.0426337830871946,1.0471686470172004,583
2023-02-02 01:00:00,1.0562862596332159,1.0583852248885615,1.0549570033373314,1.0567014726893014,888
2023-02-02 02:00:00,1.0600109032629748,1.0604797109317528,1.0599429618765033,1.060447509504545,411
2023-02-02 03:00:00,1.055890399312184,1.0595310229600499,1.0558196024894002,1.0574693667749115,913
2023-02-02 04:00:00,1.0604433673798803,1.0621881206269452,1.0557401078765467,1.0608184179559843,654
2023-02-02 05:00:00,1.0626878773348645,1.0660308194157635,1.060205060502409,1.065989499024035,731
2023-02-02 06:00:00,1.0682584807294209,1.0742711389516633,1.0659149885177155,1.0693088708469585,831
2023-02-02 07:00:00,1.0603419895372834,1.0626071215275052,1.0585986471758593,1.0609464648324993,145
2023-02-02 08:00:00,1.0565545868835213,1.0571474330425736,1.054711632154971,1.0570962001693678,335
2023-02-02 09:00:00,1.0552788137586044,1.058327823344216,1.0545949161728567,1.0557887543337057,147
2023-02-02 10:00:00,1.055265526189185,1.0577077855800818,1.053526231435016,1.0553958975554814,297
2023-02-02 11:00:00,1.0596914056275752,1.0664240570857115,1.0583286967497676,1.0586762589220966,183
2023-02-02 12:00:00,1.0614706229514788,1.0620631015854254,1.0570701408619774,1.0596173160815592,642
2023-02-02 13:00:00,1.0511982699970797,1.053179891804745,1.051179793205698,1.0525661117137808,260
2023-02-02 14:00:00,1.0520312151675493,1.0581347911929906,1.0519094655992915,1.0545689316488027,527
2023-02-02 15:00:00,1.055588839576259,1.0598634756015357,1.055028126337168,1.057793374927561,170
2023-02-02 16:00:00,1.0597246263572986,1.0666034752030429,1.058273968303952,1.0607582353792153,619
2023-02-02 17:00:00,1.0657553344310824,1.06715785791502,1.06485754465976,1.0665059868157611,997
2023-02-02 18:00:00,1.069312912178693,1.0725278443642123,1.0672246908197045,1.0709621855184839,151
2023-02-02 19:00:00,1.0706412677566643,1.0748207003231074,1.0682170165740528,1.0734238327916328,144
2023-02-02 20:00:00,1.0720684326532286,1.0775332989181836,1.0697122057995814,1.0730473111081518,392
2023-02-02 21:00:00,1.0645589030204288,1.0649214028853073,1.0627096828239055,1.064172764484673,911
2023-02-02 22:00:00,1.0677303131174847,1.0682975011981242,1.0662723035551225,1.0664611614869768,564
2023-02-02 23:00:00,1.0663790156023378,1.068422986333468,1.0654109750392424,1.067569190957994,984
2023-02-03 00:00:00,1.0681368159177798,1.0692649282851558,1.066235409053081,1.0690198216341058,649
2023-02-03 01:00:00,1.060248500338778,1.0627786307357403,1.0589608043315812,1.0622172101232774,966
2023-02-03 02:00:00,1.056424684925438,1.056808309784308,1.0560016898314462,1.0564911153337868,479
2023-02-03 03:00:00,1.0602668420390609,1.0647539451659687,1.0572997320392314,1.062069021577848,842
2023-02-03 04:00:00,1.0630761526730248,1.0641098555884283,1.0585902865541215,1.0618589908302547,577
2023-02-03 05:00:00,1.0616778283322348,1.0696374974061083,1.0583390676979283,1.0654834507169262,361
2023-02-03 06:00:00,1.064867857756912,1.0700041877744044,1.0642670044135087,1.065634325203566,679
2023-02-03 07:00:00,1.0664347189347396,1.0680112944209579,1.0631695340226026,1.0657928828165908,278
2023-02-03 08:00:00,1.071198412661779,1.0722846512831765,1.0687724246127104,1.0708047109295598,456
2023-02-03 09:00:00,1.0737979209063462,1.0739211829537183,1.0661081298971522,1.0680453567058124,518
2023-02-03 10:00:00,1.0693063506014224,1.072290674497566,1.0635355863129412,1.0685587868216575,797
2023-02-03 11:00:00,1.0639509686425963,1.0676011934764902,1.0603912691549535,1.0660917973822306,300
2023-02-03 12:00:00,1.0635751414652557,1.064337255593444,1.061737326484847,1.0637782470441033,112
2023-02-03 13:00:00,1.0583618375111286,1.0655251744258145,1.0580940030039163,1.0621350645391963,542
2023-02-03 14:00:00,1.063143994328898,1.0648870413448501,1.061208382614873,1.0633154002382632,825
2023-02-03 15:00:00,1.0590057733202491,1.06215708930219,1.0575334052974628,1.0607731402995095,831
2023-02-03 16:00:00,1.0694087303058708,1.0724614759406375,1.0666525118001275,1.0674544554496268,385
2023-02-03 17:00:00,1.0615223733363408,1.063581814168971,1.0587521886917375,1.0626903556360332,855
2023-02-03 18:00:00,1.0614499456475157,1.0633042100723753,1.060512340238016,1.0616978858994055,967
2023-02-03 19:00:00,1.0580195655964357,1.0634215233810587,1.0549857367603712,1.059366142514022,357
2023-02-03 20:00:00,1.0707692435750937,1.0721814837883377,1.0652712104163249,1.067058331929131,669
2023-02-03 21:00:00,1.0674212808326404,1.0698249311660832,1.0629234042780273,1.0681075244639806,647
2023-02-03 22:00:00,1.0775673538624722,1.0782297250683066,1.070574753701595,1.0736323687435756,939
2023-02-03 23:00:00,1.0674224465875914,1.0679513595724424,1.0653066718930946,1.0656871843895162,589
2023-02-04 00:00:00,1.0681399325534668,1.0709607064161732,1.0629183386411234,1.0671110950468816,597
2023-02-04 01:00:00,1.0726588089239062,1.074534751125964,1.068693155724621,1.0718683421492847,993
2023-02-04 02:00:00,1.0731539659988092,1.0745010023734378,1.0723043404710373,1.0723094208932102,804
2023-02-04 03:00:00,1.0738810820519642,1.0786399268260771,1.0727135437283895,1.0780372878907223,432
2023-02-04 04:00:00,1.0746528692644741,1.075593046215708,1.0703713734914468,1.0752526094590649,661
2023-02-04 05:00:00,1.0846867609064466,1.0850856086741485,1.0788846982922562,1.0828563914846243,131
2023-02-04 06:00:00,1.0952679627688435,1.097227742778002,1.093366747433606,1.0953750842817818,709
2023-02-04 07:00:00,1.0903168240906635,1.093420495527328,1.0891019110533053,1.0933896642001315,142
2023-02-04 08:00:00,1.0908424935358305,1.0910935285352834,1.089207795030412,1.090956835522969,992
2023-02-04 09:00:00,1.1026589392767225,1.1031909507095607,1.0976004544907791,1.0989136097880665,450
2023-02-04 10:00:00,1.1103892218269258,1.1105768890328584,1.104314035376961,1.1076270398671006,433
2023-02-04 11:00:00,1.1045981561072837,1.1064982973850437,1.1045709864184263,1.1047351521247224,921
2023-02-04 12:00:00,1.104514399768688,1.1065544568981576,1.102035516903448,1.102416612790176,658
2023-02-04 13:00:00,1.1000575371647483,1.1031776740970836,1.0990988051261057,1.1008644862901467,369
2023-02-04 14:00:00,1.0897626851233015,1.0953890012207168,1.088798644287449,1.0934890148491188,922
2023-02-04 15:00:00,1.0864653318743545,1.091060455238065,1.0848340484911079,1.088477853382924,512
2023-02-04 16:00:00,1.0864119247001194,1.0876892319938753,1.0805313363750055,1.0830266244055617,674
2023-02-04 17:00:00,1.0782856593102519,1.0802141125858646,1.0780504141050455,1.078876868906704,118
2023-02-04 18:00:00,1.0781647098933511,1.0828132175169765,1.0773324312275872,1.0786897815164245,446
2023-02-04 19:00:00,1.0793061238965391,1.0801545732347615,1.0767662037093326,1.0799537466634588,712
2023-02-04 20:00:00,1.092503395054809,1.0935270622436413,1.086338437233963,1.0883586280821915,136
2023-02-04 21:00:00,1.0864609588261576,1.0881096964854784,1.0791046818011267,1.082939329112225,718
2023-02-04 22:00:00,1.0931115918596204,1.0960648565427757,1.0870239722077184,1.0882822734660633,191
2023-02-04 23:00:00,1.0867726928572627,1.0885397482036967,1.0862118995939354,1.087118494836745,919
2023-02-05 00:00:00,1.0874922622659118,1.089246119607683,1.0854667044576392,1.0868496635136695,284
2023-02-05 01:00:00,1.0872151266588597,1.090688087951096,1.0859864420702159,1.0905229938059153,827
2023-02-05 02:00:00,1.0876216030715142,1.0891129275093512,1.0803603183222015,1.084418373415489,127
2023-02-05 03:00:00,1.0839562472073394,1.0868016183591764,1.0821116049594133,1.086493817733195,647
2023-02-05 04:00:00,1.0878698834180105,1.0904076021970894,1.08208927920968,1.08739844059802,471
2023-02-05 05:00:00,1.0876868999683085,1.0912368043189997,1.0867359858244308,1.090079193276513,931
2023-02-05 06:00:00,1.090370736320971,1.0964121335498498,1.0901699878652649,1.0916564168210956,629
2023-02-05 07:00:00,1.1032901527306405,1.1063110093951538,1.1022392901461893,1.1051407383731653,444
2023-02-05 08:00:00,1.100283090656305,1.102860264320702,1.094715817210137,1.1016223886496384,518
2023-02-05 09:00:00,1.0975168073628128,1.0997548263587524,1.095335837319827,1.0987014771834787,295
2023-02-05 10:00:00,1.0940825578294624,1.101033415474956,1.0916308984242866,1.0952835774436749,177
2023-02-05 11:00:00,1.0940661840276051,1.0996437546777373,1.0905967743171021,1.0922457731420891,266
2023-02-05 12:00:00,1.0863645132016506,1.0899267279896452,1.0862946748532407,1.0887703970053288,189
2023-02-05 13:00:00,1.095745607461184,1.0960718696690754,1.0914821611354364,1.0952625059491503,363
2023-02-05 14:00:00,1.1057563091359843,1.1083693610501881,1.1030200389231826,1.103069322382338,571
2023-02-05 15:00:00,1.0987969900605685,1.1050816378565933,1.095075261075127,1.0999259460540665,307
2023-02-05 16:00:00,1.093785054844038,1.0972653692503467,1.0934538405619214,1.0953578109732893,823
2023-02-05 17:00:00,1.0974364940693142,1.1000261845533172,1.0967940866613886,1.0979426997279627,370
2023-02-05 18:00:00,1.0974987332455006,1.0977855975180957,1.0935616680932618,1.094915334802526,362
2023-02-05 19:00:00,1.0988122673351075,1.0991232878029944,1.0964120320843034,1.098385857181887,605
2023-02-05 20:00:00,1.0983327204681543,1.1005471366186774,1.0965186421551898,1.0995008616174033,884
2023-02-05 21:00:00,1.0922555601824333,1.0940602110150006,1.087169975427324,1.091199548216096,611
2023-02-05 22:00:00,1.0972511548885542,1.101186467314047,1.093008392456565,1.0996754821913284,953
2023-02-05 23:00:00,1.1111064268525654,1.1141076496761766,1.1090245830336503,1.1095943615106671,825
2023-02-06 00:00:00,1.1071038327823057,1.10727182793001,1.1061743541366318,1.10619983011358,985
2023-02-06 01:00:00,1.1033778536974401,1.1077774700673946,1.1011034392832204,1.1040575302182918,675
2023-02-06 02:00:00,1.103782375223915,1.1060588863615912,1.101365536641555,1.1056367177233644,623
2023-02-06 03:00:00,1.1055232275488023,1.107567674465098,1.1037411423890053,1.1074872030981227,821
2023-02-06 04:00:00,1.1123283738828502,1.1126552544858912,1.1099697073682084,1.111139860162211,411
2023-02-06 05:00:00,1.125122993597327,1.1262979180675523,1.1193959549822772,1.1223642659981228,273
2023-02-06 06:00:00,1.1199423911581161,1.1282723172556857,1.1190261328277626,1.1213717089128943,530
2023-02-06 07:00:00,1.1179286386570824,1.1209696636904911,1.1154155705196735,1.1169046901388944,867
2023-02-06 08:00:00,1.104598371223984,1.1119893139462145,1.1016161199022738,1.1092283502977256,562
2023-02-06 09:00:00,1.103889689479102,1.105696630550436,1.1028847107237245,1.1051819073563862,200
2023-02-06 10:00:00,1.104930225689309,1.1063425580572674,1.1019529825388812,1.1049988658605034,115
2023-02-06 11:00:00,1.112929885134977,1.1172206088684054,1.110929282795829,1.1149584034755093,808
2023-02-06 12:00:00,1.1099936253609455,1.1150570844094967,1.1087703745123128,1.1120765589343375,357
2023-02-06 13:00:00,1.1118346952332603,1.1142839944016742,1.1102036736131318,1.1133216020445014,995
2023-02-06 14:00:00,1.113880741503604,1.1153986941465746,1.112560408903056,1.1132301859730147,343
2023-02-06 15:00:00,1.1194450873761488,1.1220323219792017,1.1158017151371884,1.1198646536687884,447
2023-02-06 16:00:00,1.1290267555865974,1.136357631290623,1.1286045216869736,1.13410352746057,348
2023-02-06 17:00:00,1.126299782287455,1.1342052798535551,1.1262000522264506,1.1310972183747598,204
2023-02-06 18:00:00,1.1269630930872854,1.1302561361222325,1.1253200727449815,1.128332584596552,793
2023-02-06 19:00:00,1.1352770442263438,1.1363563875572105,1.1338100177674342,1.1342387924649582,766
2023-02-06 20:00:00,1.131858591902689,1.1395521394240833,1.1314504552835412,1.1381125312852338,386
2023-02-06 21:00:00,1.1475219512905621,1.1497593499049914,1.1456517931140002,1.1486700014148563,268
2023-02-06 22:00:00,1.1508161007669326,1.1538068126803254,1.1474182873577399,1.152028605935974,519
2023-02-06 23:00:00,1.1531539582386463,1.1568660084918594,1.1458082099817535,1.1499608899447014,146
2023-02-07 00:00:00,1.1524739204401109,1.1538868297631024,1.1510142598867006,1.1533620595395604,142
2023-02-07 01:00:00,1.1606618582547765,1.1621381452774389,1.1595490576997056,1.1597734973062512,420
2023-02-07 02:00:00,1.1648701369742462,1.1667853605672487,1.1621868085634117,1.1645411374730588,917
2023-02-07 03:00:00,1.1625237271369653,1.1703456196760302,1.1543185063571124,1.1674985938756322,320
2023-02-07 04:00:00,1.1755452881584876,1.1768841161569819,1.170820522244662,1.1737419341099944,612
2023-02-07 05:00:00,1.181132894307735,1.181425865788223,1.179562135745944,1.180624289615255,811
2023-02-07 06:00:00,1.1900200711354514,1.1925529574718845,1.1871293070976232,1.1888115998261055,540
2023-02-07 07:00:00,1.202039271222762,1.202062938915993,1.1913886271110856,1.192673829302587,243
2023-02-07 08:00:00,1.1867104770952055,1.1957019665704534,1.1850011107930882,1.1916776587518376,989
2023-02-07 09:00:00,1.1966657379946253,1.199346382745423,1.1898673520575767,1.1925521565763997,127
2023-02-07 10:00:00,1.1990782833803448,1.201377899790428,1.1989792602299305,1.1997680240650916,953
2023-02-07 11:00:00,1.1955639983970403,1.1970077388142757,1.1913536530609101,1.1948773527956909,949
2023-02-07 12:00:00,1.1969730172996473,1.198020198306479,1.1947064110802676,1.1970819810771842,889
2023-02-07 13:00:00,1.1937163048750696,1.1971619077320401,1.1935849890719514,1.1947300006248012,652
2023-02-07 14:00:00,1.1935399357793173,1.1973570170274526,1.1925315497584619,1.1949017244765492,943
2023-02-07 15:00:00,1.2033568215712107,1.2042551713512695,1.2014430671067513,1.2025643106802957,758
2023-02-07 16:00:00,1.200061418255423,1.2052655361436584,1.1991800837072648,1.2037139044035812,956
2023-02-07 17:00:00,1.2058008032003702,1.2080393620007508,1.2033009683465266,1.2039934184449341,789
2023-02-07 18:00:00,1.1948394971103127,1.1970224366498694,1.1920577897658433,1.195834896696656,926
2023-02-07 19:00:00,1.197592355527203,1.2030742977030826,1.1967349023119924,1.2003052117618078,936
2023-02-07 20:00:00,1.2031015621723509,1.2048304267380943,1.2010331574495277,1.2041853599631385,266
2023-02-07 21:00:00,1.220341460188488,1.2223514479256277,1.215112708124222,1.2172808528467718,734
2023-02-07 22:00:00,1.214107728521352,1.216668808594726,1.2089845866936049,1.2154090307197933,685
2023-02-07 23:00:00,1.2176138378965489,1.2208411869100482,1.2134823184635481,1.2167415470765977,850
2023-02-08 00:00:00,1.2164786817101279,1.2202749535532518,1.214808362195369,1.2182596708137927,348
2023-02-08 01:00:00,1.2297677167268581,1.230156260145416,1.225049368729162,1.227906402542562,874
2023-02-08 02:00:00,1.229004148669044,1.232130536127321,1.2246979684048813,1.2273214719350543,863
2023-02-08 03:00:00,1.233578922013711,1.234100470713347,1.2258738353492946,1.2290349124226427,456
2023-02-08 04:00:00,1.232343363422037,1.2353962628261386,1.2296607706961262,1.2327762255381833,210
2023-02-08 05:00:00,1.2355771412020295,1.2365053899438012,1.2276080513051801,1.2339269987691346,791
2023-02-08 06:00:00,1.2314172148496025,1.2347447851488733,1.2268643430210346,1.231175738098852,799
2023-02-08 07:00:00,1.2355651023807692,1.2387596443127609,1.2322934274712047,1.2323711124818726,919
2023-02-08 08:00:00,1.2372231916909389,1.2431272095806787,1.2365863357385847,1.2390044647662706,818
2023-02-08 09:00:00,1.2344981501349275,1.235251794285016,1.2311062313338923,1.232661471444517,333
2023-02-08 10:00:00,1.2330009659695904,1.234930350236284,1.2319347833410932,1.2334812769084398,123
2023-02-08 11:00:00,1.229013099715914,1.2326474519074462,1.22725024781418,1.229170896194277,125
2023-02-08 12:00:00,1.2367643762094962,1.2378710179764942,1.2315113022951936,1.236537465440361,480
2023-02-08 13:00:00,1.2277749238630764,1.229005729200136,1.2239123374863494,1.2271558473082718,829
2023-02-08 14:00:00,1.2234467475120503,1.224829005467577,1.2233951358045425,1.2237312137280705,445
2023-02-08 15:00:00,1.226567915878719,1.2271531235836648,1.2232679508040054,1.2260414213661581,477
2023-02-08 16:00:00,1.239576152303432,1.2427756506268866,1.2355098005681007,1.2356760668745679,621
2023-02-08 17:00:00,1.23770449619775,1.2380591206050833,1.2326149106446018,1.2352699035215993,116
2023-02-08 18:00:00,1.2339868808253127,1.2366931303415185,1.2299180739874511,1.2318455523871044,344
2023-02-08 19:00:00,1.242353773750839,1.2489362784139268,1.2402339074747275,1.2434866884241624,817
2023-02-08 20:00:00,1.2323207062411627,1.2383049570271305,1.2317107554346651,1.2345162707833481,869
2023-02-08 21:00:00,1.2233511755768438,1.2260972912166193,1.2209946957855153,1.2210182966560157,723
2023-02-08 22:00:00,1.2258516325592574,1.226978838969075,1.2215563925973,1.2237075823542256,816
2023-02-08 23:00:00,1.224234797177495,1.2255652730973905,1.2194662971381742,1.2206395968974721,638
2023-02-09 00:00:00,1.2129557210295658,1.2144303419325173,1.2094464865896564,1.2144226965905218,682
2023-02-09 01:00:00,1.2181720269450182,1.2217295994390363,1.2170516515656506,1.2187315433190464,787
2023-02-09 02:00:00,1.2162170308290827,1.2226162627767105,1.2151719720732326,1.2202180872869508,301
2023-02-09 03:00:00,1.2158263380561505,1.2201886013168484,1.2126624922266156,1.2167814411722528,347
2023-02-09 04:00:00,1.211426807948682,1.2128496588106243,1.2079797764213303,1.2090170664382827,217
2023-02-09 05:00:00,1.213169732539019,1.2148020546057336,1.2108288732697539,1.2143026657040898,108
2023-02-09 06:00:00,1.2198173325130008,1.22001941372343,1.2150893578893507,1.2182567947881449,697
2023-02-09 07:00:00,1.2171889029015224,1.2194261573570757,1.2148511573135343,1.2176528361961672,122
2023-02-09 08:00:00,1.229744211966728,1.2340437348516795,1.2245377776942645,1.228947713678859,339
2023-02-09 09:00:00,1.2195840290934434,1.2249326038682178,1.2169420558883433,1.2223898817780725,684
2023-02-09 10:00:00,1.2133081540148154,1.2151032947855223,1.2086407995063053,1.2131014186063565,126
2023-02-09 11:00:00,1.201679856671955,1.2121387496693217,1.1995213576773032,1.208911896389838,960
2023-02-09 12:00:00,1.208184601410591,1.2095686563482664,1.2072958982073105,1.2086363804028153,180
2023-02-09 13:00:00,1.2061617230808972,1.211159410025323,1.2044669854959849,1.2101078199256958,695
2023-02-09 14:00:00,1.2115643400008103,1.2121463896703804,1.205428166676201,1.2086490916468995,298
2023-02-09 15:00:00,1.2126610587189812,1.2157003094749792,1.207942473235332,1.2107785224671106,654
2023-02-09 16:00:00,1.2043485149678201,1.2062511922565249,1.199700104196566,1.203225494122083,874
2023-02-09 17:00:00,1.215629537547556,1.2179868110403491,1.2103225342563022,1.2119427924789135,191
2023-02-09 18:00:00,1.2091459615570406,1.2122370167971515,1.2067322773802032,1.2114450820619218,950
2023-02-09 19:00:00,1.222489120454575,1.2258859256200636,1.2139574829021527,1.2182317338580222,183
2023-02-09 20:00:00,1.2225962641276045,1.2230747847137553,1.2200904100498562,1.2203211180237834,399
2023-02-09 21:00:00,1.222532563931872,1.2257044461219249,1.2181165584120346,1.223111230788872,395
2023-02-09 22:00:00,1.2293865474121346,1.2295132306025576,1.220058187288607,1.2266006426075493,746
2023-02-09 23:00:00,1.2266294734437813,1.2305864640349473,1.22639112513987,1.2293495162323698,553
2023-02-10 00:00:00,1.2312727681547373,1.2340927543007723,1.2285228896653393,1.2333065255463722,380
2023-02-10 01:00:00,1.2400189187313786,1.24408716841225,1.2394433152474436,1.2415300836313605,158
2023-02-10 02:00:00,1.2414358431593788,1.2430571897301064,1.2401971802003087,1.2427506179064896,970
2023-02-10 03:00:00,1.2445286090194556,1.247934876050168,1.243676981449725,1.2471640103532842,441
2023-02-10 04:00:00,1.2496539620854439,1.2512927275984753,1.246118192657834,1.2466045602274878,852
2023-02-10 05:00:00,1.2549631966020653,1.2562051629450974,1.2536141646155885,1.2556132386260273,564
2023-02-10 06:00:00,1.2522562066213812,1.2546091039727205,1.2499262366328638,1.2513739755340845,979
2023-02-10 07:00:00,1.26125275423812,1.2655196374168576,1.2610572744397643,1.2626931117213829,441
2023-02-10 08:00:00,1.2578427979252136,1.2631830665535215,1.2576958061164878,1.2624396013350812,709
2023-02-10 09:00:00,1.254117494873696,1.257761347163531,1.2513687984533566,1.253440493216698,161
2023-02-10 10:00:00,1.249446739545641,1.2580784511358383,1.246782838703459,1.254243606700243,875
2023-02-10 11:00:00,1.2498082646369797,1.2501824586309909,1.2496794288803887,1.2499798469858276,724
2023-02-10 12:00:00,1.2518097008790916,1.2577765418068665,1.2470227668905036,1.2552448416676338,528
2023-02-10 13:00:00,1.2561282854841216,1.261368596133826,1.248242662348583,1.2511555028797647,757
2023-02-10 14:00:00,1.2506428207772602,1.2543248059718581,1.244998847516834,1.2483673897720267,827
2023-02-10 15:00:00,1.2368902800075683,1.2402888458900743,1.2365682974250527,1.2366287236557245,355
2023-02-10 16:00:00,1.2369536203109015,1.2403638263032557,1.2330430925341342,1.2338352087261164,927
2023-02-10 17:00:00,1.216908847060181,1.219254492104518,1.2144695869439721,1.2189721182196502,927
2023-02-10 18:00:00,1.2106710975067496,1.2116144633803017,1.2055827662126601,1.2093565767848664,973
2023-02-10 19:00:00,1.2144485163893668,1.2198416903894889,1.2092250423047703,1.2139633912859038,869
2023-02-10 20:00:00,1.2193859816565278,1.222307548597093,1.2155360684142174,1.218742436702002,805
2023-02-10 21:00:00,1.2244457590867508,1.2266181212272333,1.2181392650183762,1.2213378122064036,446
2023-02-10 22:00:00,1.2172276523513388,1.21792579111048,1.2147739529359953,1.2154470416326528,625
2023-02-10 23:00:00,1.2158588123126386,1.2162167739832563,1.2135246304780924,1.2151571230816705,403
2023-02-11 00:00:00,1.2111134109560993,1.2165079547279547,1.2080755485744026,1.215135235023617,714
2023-02-11 01:00:00,1.2057980300792746,1.2120702006352444,1.2044595539885086,1.2081177279772866,344
2023-02-11 02:00:00,1.2169346259948275,1.217771477328907,1.2135214425159675,1.2172333568091298,856
2023-02-11 03:00:00,1.2228131707762888,1.2229828233929776,1.2174717790789698,1.2225848594741213,923
2023-02-11 04:00:00,1.218474379700472,1.2217052802389985,1.218419704191432,1.2212348680937144,879
2023-02-11 05:00:00,1.2272902879438774,1.233161913790015,1.2212574872758273,1.2213990487489943,835
2023-02-11 06:00:00,1.226380410791411,1.2315296295873224,1.2212342546348718,1.2226723047624808,831
2023-02-11 07:00:00,1.211711368898982,1.213367107088008,1.207924572704416,1.2102539367636769,922
2023-02-11 08:00:00,1.208933274089179,1.209210850606109,1.2064724217841458,1.2087591236625455,511
2023-02-11 09:00:00,1.204133097051598,1.2060098864709379,1.201547529618838,1.2046443697331946,977
2023-02-11 10:00:00,1.1963444825701395,1.2002023601909246,1.1948350653820543,1.1986264719006867,316
2023-02-11 11:00:00,1.1971284635146977,1.197245698379013,1.1962299248239114,1.1969429839886239,615
2023-02-11 12:00:00,1.2083727235472688,1.2100920218262068,1.2058925260718387,1.2077501222235472,573
2023-02-11 13:00:00,1.2086171197077138,1.2191695862840501,1.2073422968104253,1.2116262190497855,135
2023-02-11 14:00:00,1.2089783626755473,1.210932159214039,1.208158538876322,1.2081708782445246,277
2023-02-11 15:00:00,1.2112584889236468,1.213689814885659,1.2102924769341774,1.2116347234330134,486
2023-02-11 16:00:00,1.2154863964183082,1.2211760825957572,1.2135776328458705,1.2201419886335054,868
2023-02-11 17:00:00,1.2236866571624896,1.2269075564941259,1.2193360082138012,1.2257959701204206,116
2023-02-11 18:00:00,1.225147203583999,1.230564994989489,1.2233958663155284,1.226161497944836,810
2023-02-11 19:00:00,1.2268159309462174,1.2276258507578741,1.2216303451024175,1.2222016609658457,929
2023-02-11 20:00:00,1.2278411642037839,1.2296407596297565,1.2247406063826674,1.2264759661415408,147
2023-02-11 21:00:00,1.2256090197639857,1.2320231288834702,1.2237045907842046,1.2288913432426396,161
2023-02-11 22:00:00,1.2356040780177742,1.2381950968965123,1.2304345135538457,1.2344041475946967,168
2023-02-11 23:00:00,1.2344985248924012,1.2395387259167268,1.231156851829404,1.2383306728719201,758
2023-02-12 00:00:00,1.247541788279944,1.249373761782957,1.2414936712572489,1.2448462205470412,970
2023-02-12 01:00:00,1.240349426019895,1.2418706702029731,1.2367681147164153,1.241519246665516,465
2023-02-12 02:00:00,1.2494900511672498,1.253719012501833,1.2487619008819562,1.24972408996877,261
2023-02-12 03:00:00,1.2542764606772487,1.256116604187772,1.2508789005774048,1.2509594250533547,838
2023-02-12 04:00:00,1.2607533698909141,1.2640295434919337,1.2585525557330832,1.2640073382834374,587
2023-02-12 05:00:00,1.2561393567092178,1.2602579420244244,1.2543001653184336,1.2596591420981562,530
2023-02-12 06:00:00,1.2691572542551381,1.270835029103913,1.2683727469423347,1.2706403439526557,958
2023-02-12 07:00:00,1.2745397580641584,1.2758442840668103,1.270868544966079,1.2718983334040515,588
2023-02-12 08:00:00,1.2639100456630008,1.2730990297799447,1.2638213281091282,1.2677623852724023,329
2023-02-12 09:00:00,1.2575351837455029,1.2698643115309196,1.2553874823916096,1.2646988314965968,469
2023-02-12 10:00:00,1.261535404842119,1.2630669885348962,1.2582794810145088,1.2626747386293629,277
2023-02-12 11:00:00,1.266751794979467,1.2677605025049874,1.2652158051395788,1.2653554984696724,956
2023-02-12 12:00:00,1.2717131563112876,1.2718604404060292,1.263469429764747,1.2686676897091127,509
2023-02-12 13:00:00,1.2638619014216217,1.2668936260115649,1.2597531059189,1.2650337309134094,667
2023-02-12 14:00:00,1.2638388830675171,1.2653500375897508,1.262431525742745,1.2648796933888389,689
2023-02-12 15:00:00,1.2814516129756155,1.2855507069712127,1.27841762871485,1.2785010862911792,369
2023-02-12 16:00:00,1.284769838777812,1.2954652737695342,1.2818472929189526,1.2895922475796189,305
2023-02-12 17:00:00,1.2914044615292382,1.295599704937765,1.2903727084691925,1.292408716802249,892
2023-02-12 18:00:00,1.2931466247962298,1.2958155922299508,1.2918516523742074,1.292654320268242,839
2023-02-12 19:00:00,1.2945924144335084,1.2957323268862746,1.290514273779961,1.2934303481793477,999
2023-02-12 20:00:00,1.2960813032488079,1.3007464634835642,1.2930823230210005,1.2974041538916632,850
2023-02-12 21:00:00,1.2908751256177788,1.2909125842302704,1.2899536445129094,1.2907862136515906,899
2023-02-12 22:00:00,1.282710655647399,1.2923132616384163,1.2792111490599924,1.2891261915764003,181
2023-02-12 23:00:00,1.2767328238705402,1.281622986377365,1.2753746923063785,1.278415854283309,945
2023-02-13 00:00:00,1.282132131089891,1.2840066098727878,1.2796869483237956,1.280970268735102,861
2023-02-13 01:00:00,1.2825974409460892,1.2865060860492898,1.2800775877504864,1.2851221766408947,292
2023-02-13 02:00:00,1.2821723939264469,1.2840077832972814,1.2779049552736113,1.2820211558865642,717
2023-02-13 03:00:00,1.2933052363762352,1.2994985179438412,1.2889873637967213,1.2921503834297225,288
2023-02-13 04:00:00,1.2833753930843574,1.2898676734055194,1.2793419495682212,1.2842552342927662,375
2023-02-13 05:00:00,1.2753210631601015,1.277072628242756,1.272509084395565,1.2748864192668603,173
2023-02-13 06:00:00,1.273860469524374,1.2804631624935259,1.268036946976573,1.276317975281297,109
2023-02-13 07:00:00,1.2824874781133528,1.2840008730511312,1.2804801508674575,1.2830176499504107,734
2023-02-13 08:00:00,1.2954448750237388,1.2967379772580616,1.2918825916819228,1.2938657993596434,315
2023-02-13 09:00:00,1.291305802138859,1.2956762804262418,1.2898319347820795,1.2909005291820963,389
2023-02-13 10:00:00,1.2963591902678513,1.298323967783814,1.2951644727846279,1.297881686654686,544
2023-02-13 11:00:00,1.2982137142029506,1.3003241516673558,1.2936809546398624,1.297631813524307,651
2023-02-13 12:00:00,1.2983652640888577,1.3005155096926178,1.2944430939678115,1.2965122633746815,292
2023-02-13 13:00:00,1.296914230952361,1.30504295287814,1.2954743728374944,1.302253316610128,738
2023-02-13 14:00:00,1.3095363774550128,1.3149696081373923,1.3064758995084893,1.3065076990756852,388
2023-02-13 15:00:00,1.2953785931707051,1.2963074592048651,1.2951379778887933,1.2962503338052231,682
2023-02-13 16:00:00,1.3069668329074213,1.3098993044631846,1.302534658651039,1.305855576103626,748
2023-02-13 17:00:00,1.3180462522411922,1.3185383552544911,1.3118653617400968,1.3148977376984572,243
2023-02-13 18:00:00,1.30719545186388,1.3127027087814502,1.3046652588074394,1.3107914080578573,488
2023-02-13 19:00:00,1.3115245132929565,1.314310489032667,1.310477937302606,1.3133880559709652,965
2023-02-13 20:00:00,1.3158765055226267,1.3175360174660407,1.3131130357957732,1.3166363329162378,991
2023-02-13 21:00:00,1.3162869860710882,1.3190688925989633,1.3154322992504626,1.3183535144892236,506
2023-02-13 22:00:00,1.319292966661364,1.3225030196579068,1.3143550283590892,1.3147310168044817,910
2023-02-13 23:00:00,1.3080781041752647,1.3132625356180745,1.3035625907795607,1.3103234012233775,469
2023-02-14 00:00:00,1.3087002855491947,1.312014716326229,1.307992627602686,1.3101559914325263,956
2023-02-14 01:00:00,1.3183995609896924,1.3184508685007597,1.3177886709370754,1.3178608483845147,540
2023-02-14 02:00:00,1.3182705120951068,1.321813740834577,1.31312106484222,1.3214476674694724,880
2023-02-14 03:00:00,1.317957391022708,1.3201194206351479,1.3161466318815351,1.3190011976881253,995
2023-02-14 04:00:00,1.3249410665453438,1.3257497810142016,1.320032588164459,1.324100386573463,750
2023-02-14 05:00:00,1.3045062539423675,1.3081084949540525,1.3029472705937555,1.3053752694224694,663
2023-02-14 06:00:00,1.3126494813512295,1.3137749759282162,1.310782097727352,1.3128946955746017,628
2023-02-14 07:00:00,1.3001460402535154,1.3050147726597376,1.2998414830818255,1.301523917062357,776
2023-02-14 08:00:00,1.2952323241772075,1.301099681486221,1.2946203951724546,1.2991674251613308,112
2023-02-14 09:00:00,1.292745494790669,1.2932752015590665,1.2894879353949578,1.2919145528909886,801
2023-02-14 10:00:00,1.2880836628475554,1.288164543850503,1.2825916914939217,1.2835784742186338,439
2023-02-14 11:00:00,1.2910977129270405,1.2952487942765274,1.2905188870330189,1.2910501980689049,964
2023-02-14 12:00:00,1.2886148927539176,1.2886678820347282,1.2838984090137446,1.2880345968010523,973
2023-02-14 13:00:00,1.2920556720661729,1.2928029548764168,1.2848986498048367,1.2902680759533454,963
2023-02-14 14:00:00,1.2866906259617044,1.2930069518842107,1.2835875954446099,1.2899654108326248,875
2023-02-14 15:00:00,1.2974487732645021,1.298018792987455,1.2906232755183196,1.2930459140199948,411
2023-02-14 16:00:00,1.294066122449335,1.295643656461045,1.2899929946022246,1.2935426805819676,832
2023-02-14 17:00:00,1.2894659709069376,1.2934771739105992,1.2822381222062946,1.285271213512994,203
2023-02-14 18:00:00,1.2897958493816695,1.2922084105206184,1.2879078511979314,1.2916895515041216,438
2023-02-14 19:00:00,1.2931897457624668,1.2934504297256841,1.2852716773255184,1.2885045835217823,297
2023-02-14 20:00:00,1.2804972888050894,1.280603025754972,1.2764677734440566,1.278515192653505,399
2023-02-14 21:00:00,1.2771924774636652,1.2798417805502669,1.270525537277318,1.2757813609968363,543
2023-02-14 22:00:00,1.2859922012123925,1.2868523718561529,1.283954218847548,1.285390575556242,458
2023-02-14 23:00:00,1.2902249072901708,1.294682528965759,1.2898211252739678,1.2908665418456977,467
2023-02-15 00:00:00,1.291712239129845,1.2942791026057727,1.2877343829435737,1.2886181852756278,268
2023-02-15 01:00:00,1.2867309592319212,1.2870807559294413,1.2831707274307473,1.286369849822526,248
2023-02-15 02:00:00,1.2792501779184584,1.2845197660524148,1.27725614587145,1.2843028041911715,860
2023-02-15 03:00:00,1.2948085848924156,1.3004833093821486,1.2931204430263055,1.2977081488426834,867
2023-02-15 04:00:00,1.2997054512763535,1.3026754483279614,1.298902337245955,1.3001887203778157,141
2023-02-15 05:00:00,1.3037952542124431,1.3098570502599738,1.2975029149136332,1.3029874046713918,301
2023-02-15 06:00:00,1.3095687251628036,1.3097615012577182,1.3092070788322359,1.3097169549695402,343
2023-02-15 07:00:00,1.3144784478811222,1.315806126553645,1.3063351280929216,1.3112816198974255,768
2023-02-15 08:00:00,1.30447406841608,1.3098057014272526,1.3043356394204628,1.309584333283651,563
2023-02-15 09:00:00,1.3086749927436288,1.3105426935690543,1.3060351648243251,1.308299280755519,548
2023-02-15 10:00:00,1.3030757660830914,1.3125934786218187,1.3018329537645306,1.3078309852059355,897
2023-02-15 11:00:00,1.309574386646438,1.31142291239891,1.3032016540322406,1.3075876058832134,893
2023-02-15 12:00:00,1.3121055405016038,1.3160069497585345,1.3082728778575345,1.312353466944366,536
2023-02-15 13:00:00,1.313796007324226,1.3182736923366802,1.3095668456548677,1.3126943680301353,992
2023-02-15 14:00:00,1.3152354967843511,1.317815165628882,1.3134595683407895,1.3175118488575575,849
2023-02-15 15:00:00,1.3203502909294864,1.3212637603029775,1.312460267160132,1.316980230887273,630
2023-02-15 16:00:00,1.3202430782600187,1.3225908766253878,1.3103552047692568,1.317498137650335,664
2023-02-15 17:00:00,1.3059228982495366,1.3088527391522489,1.3042342484625797,1.3044005472331694,696
2023-02-15 18:00:00,1.310051114017906,1.3124003331483463,1.3077520161763903,1.3103905503707058,372
2023-02-15 19:00:00,1.3141850081572304,1.314363927268666,1.3089686323687166,1.3126626941046071,529
2023-02-15 20:00:00,1.3173642107676886,1.321943681996789,1.3167845230169635,1.319229317567808,971
2023-02-15 21:00:00,1.3024877477819727,1.3037946250311283,1.29993152845042,1.3002628532972669,312
2023-02-15 22:00:00,1.318245709262415,1.318900416369662,1.3136414323180683,1.3139111665303536,972
2023-02-15 23:00:00,1.3158058560591348,1.316011431606106,1.3122124352264133,1.3129944446239181,203
2023-02-16 00:00:00,1.3183632534749568,1.321346681568945,1.3166936115149046,1.3202898269121102,291
2023-02-16 01:00:00,1.3143921589420617,1.3149222609367215,1.3124244978345507,1.3134427570267888,788
2023-02-16 02:00:00,1.3140657868882628,1.320187067027531,1.3089804465976185,1.3174731454024755,758
2023-02-16 03:00:00,1.3120524492353962,1.3121733659466015,1.3101606624644624,1.3105521545243157,479
2023-02-16 04:00:00,1.3076485138077212,1.3104565285659733,1.3002850307927696,1.3064711131229623,180
2023-02-16 05:00:00,1.3141015626298584,1.319248167581799,1.3131717815521247,1.3190342662768328,804
2023-02-16 06:00:00,1.314715337767533,1.3190440563571837,1.3121403357014692,1.317777282480855,648
2023-02-16 07:00:00,1.3184636622992127,1.3259106608513005,1.3180328929155791,1.3192107020247004,476
2023-02-16 08:00:00,1.3241649611863828,1.3250679338836724,1.3206848570925698,1.3249622167814068,937
2023-02-16 09:00:00,1.3250371126173164,1.331980450965664,1.3225228581537616,1.3282500883098738,253
2023-02-16 10:00:00,1.3302835331954752,1.3306405286449636,1.3264280851228203,1.3292494336840621,741
2023-02-16 11:00:00,1.332347032580453,1.3337309647476436,1.3305229991334608,1.331677269202792,670
2023-02-16 12:00:00,1.347253016096076,1.3522873207109969,1.3425290221263024,1.3477766789071004,835
2023-02-16 13:00:00,1.345351759005125,1.3489768911878792,1.344369241584182,1.3473884484786685,860
2023-02-16 14:00:00,1.3515727972149643,1.3558503304214489,1.3464767028763218,1.3487439224885147,339
2023-02-16 15:00:00,1.3603368447933326,1.3625591917590134,1.353984302731367,1.3558478843293635,473
2023-02-16 16:00:00,1.3620447213669136,1.3671277763986331,1.360857591165194,1.3633632612902162,904
2023-02-16 17:00:00,1.3697999410919006,1.372675445479495,1.3674947061021292,1.3714790893440327,898
2023-02-16 18:00:00,1.3772177886149706,1.3779273876456855,1.3745512293292779,1.3758661166488135,303
2023-02-16 19:00:00,1.3670458475876515,1.3682159548533779,1.3669238892384592,1.3680254341830087,710
2023-02-16 20:00:00,1.3788595378636066,1.381145115358775,1.3751581821126106,1.3792440633865415,449
2023-02-16 21:00:00,1.373389889020138,1.375267681842297,1.3660565598321261,1.3713612257146324,787
2023-02-16 22:00:00,1.36819314516077,1.3741898094899392,1.3681299875620465,1.3734379092263593,873
2023-02-16 23:00:00,1.3718754906688815,1.3719146449637905,1.366557838067867,1.3682679091376067,882
2023-02-17 00:00:00,1.3680280163667102,1.368437324760864,1.3672999780674375,1.3678291872816613,242
2023-02-17 01:00:00,1.3689519337794995,1.370347552426467,1.3653656488661265,1.3700794904151217,288
2023-02-17 02:00:00,1.3720377756524966,1.373479330973393,1.3718337664507525,1.3722826846219267,371
2023-02-17 03:00:00,1.3750773802669498,1.3775015767569156,1.3745698352396587,1.3751807131196603,631
2023-02-17 04:00:00,1.381521317504058,1.387409954147626,1.379884685711685,1.386321320056609,944
2023-02-17 05:00:00,1.393622948051593,1.3948872024405259,1.3891926217174404,1.3894686085739858,399
2023-02-17 06:00:00,1.3878881048485099,1.3922800022731963,1.3866898058947494,1.3877734036218037,525
2023-02-17 07:00:00,1.3957147403199064,1.395854947400102,1.3930397215027015,1.3944792257841325,145
2023-02-17 08:00:00,1.4054670593249134,1.4068149234517413,1.4009666662623987,1.4027973962437983,194
2023-02-17 09:00:00,1.391365905942909,1.3962459416683397,1.3896651638392872,1.3942133425894732,163
2023-02-17 10:00:00,1.3997082753689685,1.4016464535852748,1.3969074073598688,1.3983840842330835,512
2023-02-17 11:00:00,1.4025440731925682,1.4051448854705968,1.3987485949301461,1.4032952321261267,742
2023-02-17 12:00:00,1.4035819428525254,1.4051935375349405,1.3921823034860061,1.401208937296376,108
2023-02-17 13:00:00,1.4048778983474122,1.4123940571454623,1.4037663622282712,1.4108804254029208,558
2023-02-17 14:00:00,1.4095428592529562,1.4127374470270024,1.409446244070997,1.4098222699555678,814
2023-02-17 15:00:00,1.4090069427762841,1.4118573645812214,1.4042702264823361,1.4107077503186174,508
2023-02-17 16:00:00,1.410706048008129,1.4132677838625232,1.4086143974954803,1.4094875095486101,569
2023-02-17 17:00:00,1.4109224522303647,1.4112708931006597,1.4082560687375558,1.409597306189756,909
2023-02-17 18:00:00,1.3999078814796593,1.4022403819677611,1.3982570002652457,1.4018919115163202,605
2023-02-17 19:00:00,1.389851729778334,1.3924226092336225,1.3824804341373385,1.3918341856388914,785
2023-02-17 20:00:00,1.4026644485181359,1.4050699241161124,1.3988312768164561,1.4029749700024,172
2023-02-17 21:00:00,1.3945409033482628,1.3979558990958352,1.392483295327094,1.3970462045893532,183
2023-02-17 22:00:00,1.3924791828656937,1.398817261929365,1.3882293872564972,1.3901382354084169,158
2023-02-17 23:00:00,1.3742354696397976,1.377595020306409,1.3721986498897303,1.3752509747644084,120
2023-02-18 00:00:00,1.3628941490539974,1.37228481619911,1.360504458397031,1.3708643219222298,557
2023-02-18 01:00:00,1.3608044859145072,1.3632667290088933,1.3590069721826534,1.3618253702866083,256
2023-02-18 02:00:00,1.3702001333101537,1.3754392354388898,1.3691437275299772,1.3730520828227788,930
2023-02-18 03:00:00,1.3754999427332661,1.380032264742064,1.369801584350149,1.3800022713944802,428
2023-02-18 04:00:00,1.3718586134770212,1.3756399769450867,1.3686546598393141,1.375262185603032,672
2023-02-18 05:00:00,1.3911425186891861,1.399261709307903,1.3886822554784237,1.390838179729564,675
2023-02-18 06:00:00,1.4013963846910547,1.4019125072517633,1.395293728162936,1.3976823490233858,936
2023-02-18 07:00:00,1.3962881801172426,1.3994442905200415,1.3942892484131861,1.395414136033208,779
2023-02-18 08:00:00,1.3764124927363734,1.3788365815778394,1.375663072676929,1.3780841181101335,302
2023-02-18 09:00:00,1.3952314565137627,1.4010206625964177,1.393800766323152,1.3939604316963379,740
2023-02-18 10:00:00,1.383037908258702,1.384563547107948,1.3815219135924366,1.3843089539128837,856
2023-02-18 11:00:00,1.371059645269843,1.373010976367661,1.3673866056384119,1.3729669720010445,205
2023-02-18 12:00:00,1.3768186734405505,1.3821978298807283,1.374774410605117,1.3800047253143264,932
2023-02-18 13:00:00,1.3920477653888352,1.3996623604275795,1.3917248184582016,1.3969421724670235,221
2023-02-18 14:00:00,1.4055474876036753,1.4080611424685212,1.4002123461717726,1.4066444556435869,417
2023-02-18 15:00:00,1.411062055996666,1.4114871074389572,1.4102950587760479,1.4106161503856536,281
2023-02-18 16:00:00,1.4145438345669532,1.416985086160663,1.4114736456425585,1.41481724423603,714
2023-02-18 17:00:00,1.419685210690879,1.4240729326283852,1.4195757382850416,1.420867278284417,415
2023-02-18 18:00:00,1.4235714280286444,1.427153191754112,1.4221943827942938,1.426269204992875,913
2023-02-18 19:00:00,1.4300133754014026,1.4336558641398247,1.4275711075692818,1.428275888661495,872
2023-02-18 20:00:00,1.4252558058695908,1.4302052426184657,1.4247757235248069,1.4290202221673223,724
2023-02-18 21:00:00,1.4307902830566255,1.4336380535201751,1.426848353838398,1.4285730579168092,505
2023-02-18 22:00:00,1.420345022840677,1.4247623445354891,1.416440178296191,1.4231977288109015,169
2023-02-18 23:00:00,1.419063124262038,1.426322240538851,1.418042304607128,1.4212018489631402,259
2023-02-19 00:00:00,1.405088401955374,1.412890909236143,1.4017525037981338,1.4092224552105457,339
2023-02-19 01:00:00,1.4071172338382436,1.4137497766684168,1.4044020893045455,1.4085297134828287,622
2023-02-19 02:00:00,1.4043185584204319,1.4046693203620326,1.4004223131253588,1.4015845925909025,237
2023-02-19 03:00:00,1.3953094611510244,1.3953532677174627,1.391852851942708,1.3938720220185266,594
2023-02-19 04:00:00,1.3978563780700235,1.3984676866831738,1.3942489533050442,1.3951263331631447,778
2023-02-19 05:00:00,1.4063373832181567,1.407592737669099,1.4038617181626407,1.4048702981098327,346
2023-02-19 06:00:00,1.4082204113265402,1.4119020474195352,1.4061650490354096,1.4113357086055713,965
2023-02-19 07:00:00,1.3993701837298895,1.4013258369245842,1.3967645516573697,1.4002965897754103,642
2023-02-19 08:00:00,1.3912106042335242,1.3962842807748854,1.3910908739407342,1.3933848395101467,623
2023-02-19 09:00:00,1.4036800492708394,1.409168575179334,1.3980314207311302,1.3999545604609507,342
2023-02-19 10:00:00,1.3897597574459786,1.3941221709885203,1.3840192080785927,1.3930942361764944,719
2023-02-19 11:00:00,1.394017653885893,1.3946137603525128,1.3856258097219696,1.3915304388101346,435
2023-02-19 12:00:00,1.3978547667378936,1.4004211612850568,1.3945725783519394,1.3953627775530502,521
2023-02-19 13:00:00,1.393704453313041,1.3985299309635097,1.3829991127899548,1.3886231473869814,934
2023-02-19 14:00:00,1.3882165742857828,1.391120594252572,1.3877776371451873,1.3893549744966918,293
2023-02-19 15:00:00,1.3820848159023313,1.3821989558937724,1.380026325818409,1.3801186377253287,407
2023-02-19 16:00:00,1.3822540690104443,1.3837911966220842,1.37574970763756,1.375975076888018,744
2023-02-19 17:00:00,1.3764744575524228,1.3798066866017868,1.3737457590534299,1.3781768965313925,605
2023-02-19 18:00:00,1.3630458139927568,1.3722927906489295,1.3610082105137697,1.3672433611678851,380
2023-02-19 19:00:00,1.36510566322963,1.3714325947520796,1.364292398279014,1.3702578602823736,902
2023-02-19 20:00:00,1.3720763293919962,1.3749012714306035,1.3688897851800683,1.3701233226458498,774
2023-02-19 21:00:00,1.3687388813107044,1.3748391816104077,1.368453202376026,1.3739134521171221,889
2023-02-19 22:00:00,1.3744282923517899,1.3777809670645014,1.3695477226397754,1.375452506701102,538
2023-02-19 23:00:00,1.3860773662599124,1.3886434728562473,1.3807691489031537,1.3848661258217017,814
2023-02-20 00:00:00,1.386246701078694,1.3871637722955172,1.3853464531870014,1.385733493191684,707
2023-02-20 01:00:00,1.3839380541690667,1.3853501160965793,1.3825816495217371,1.3827614766318173,582
2023-02-20 02:00:00,1.3842224003069172,1.3846361612412657,1.3813567552074573,1.383607276582924,322
2023-02-20 03:00:00,1.3909194643154854,1.3930635672528535,1.385029465082537,1.3873709417798321,848
2023-02-20 04:00:00,1.385066840619116,1.3943201733746278,1.380236634414165,1.387709918393115,216
2023-02-20 05:00:00,1.3861122673155428,1.3902879879669454,1.3856775187027206,1.3879915944388557,291
2023-02-20 06:00:00,1.3809909671750948,1.386336756587604,1.3802142136361986,1.3831283415293036,887
2023-02-20 07:00:00,1.3808404698022119,1.3822377870100409,1.3744445662559648,1.3785515453917823,717
2023-02-20 08:00:00,1.3713826911460767,1.3741964066739274,1.3654395064940663,1.368917548289858,615
2023-02-20 09:00:00,1.3821914463043854,1.3823637540209457,1.37775607376082,1.3809452114164198,629
2023-02-20 10:00:00,1.3756317426052789,1.3759265952798458,1.3658853286388841,1.3723833286492753,406
2023-02-20 11:00:00,1.364414633439942,1.3705869253940928,1.363383777558871,1.3676368977545155,631
2023-02-20 12:00:00,1.3672770718945546,1.3677564242776874,1.3592146894926538,1.3627331089010168,221
2023-02-20 13:00:00,1.3730146407295039,1.3741111785564266,1.3677303179139726,1.3688444871496155,748
2023-02-20 14:00:00,1.3688382101687533,1.3698248506683395,1.366788989007998,1.3668272737507403,691
2023-02-20 15:00:00,1.3802824734479553,1.3816745928191534,1.3738303216667613,1.375381168118958,253
2023-02-20 16:00:00,1.3662157688702523,1.3715551101273422,1.3645998232591894,1.3707574259982631,969
2023-02-20 17:00:00,1.3712311375066726,1.3740628390178873,1.3669660641966175,1.3726709269253285,636
2023-02-20 18:00:00,1.3649393548628563,1.3683545529188619,1.3618968168248144,1.3669496004063695,551
2023-02-20 19:00:00,1.3836837856657047,1.3870017248841153,1.3768839790834464,1.3816900640396137,268
2023-02-20 20:00:00,1.370625152815548,1.3784127226492766,1.3675913825267252,1.3735099102415318,158
2023-02-20 21:00:00,1.3777233483389553,1.3777604101017147,1.3693811521715957,1.3756392681931662,400
2023-02-20 22:00:00,1.3837881189106618,1.3844104168848812,1.379442023908269,1.3800054242848738,652
2023-02-20 23:00:00,1.3847863466193513,1.3873587038058384,1.3742409495106431,1.3828636050420597,649
2023-02-21 00:00:00,1.3823671117221543,1.3904834255930445,1.3815497821692544,1.3815830605067698,216
2023-02-21 01:00:00,1.3779586742087215,1.3836504202799087,1.3748699311966226,1.3806865611004235,886
2023-02-21 02:00:00,1.3786500599707892,1.3821735123560825,1.3784917979370055,1.3809890437826609,881
2023-02-21 03:00:00,1.3834232600935676,1.3845738167970114,1.3798341683823834,1.3799743759555299,226
2023-02-21 04:00:00,1.3888024248573123,1.3904695793018254,1.3861955425732362,1.3866410701836687,504
2023-02-21 05:00:00,1.4019426744352779,1.4047382305113223,1.4000857649625011,1.4020520892326063,498
2023-02-21 06:00:00,1.3969807685519855,1.4032039818741986,1.394077531914791,1.39814936848698,614
2023-02-21 07:00:00,1.3829800422869685,1.3900118480494676,1.378312351725383,1.388606140792304,904
2023-02-21 08:00:00,1.3850206590487744,1.3909248584957223,1.3843416823534063,1.3879933310801844,984
2023-02-21 09:00:00,1.4113873456942974,1.4121126438905667,1.4039686249991252,1.4060123878644593,597
2023-02-21 10:00:00,1.3967876093730898,1.4012360031535267,1.3950328267762622,1.4003738423489334,627
2023-02-21 11:00:00,1.4124329347762217,1.418275395931391,1.4082654020290044,1.4118978824595199,497
2023-02-21 12:00:00,1.4266601884426269,1.4306485752971367,1.4230594302735777,1.4237914082958774,364
2023-02-21 13:00:00,1.4162922678689336,1.4232708572035,1.4155060769113565,1.4198558865435738,850
2023-02-21 14:00:00,1.4244270265629944,1.4249395763438923,1.4212437063334504,1.423901007700647,362
2023-02-21 15:00:00,1.4382345443099722,1.4406445379460617,1.432679436695262,1.435541710559815,497
2023-02-21 16:00:00,1.4328588384049101,1.4331511264673151,1.430850866961759,1.4328230197725895,745
2023-02-21 17:00:00,1.439576753816018,1.4420022466779898,1.4300953618432053,1.431365288680366,824
2023-02-21 18:00:00,1.4224454697165547,1.4293516510947266,1.4200164361510348,1.4272083472976862,626
2023-02-21 19:00:00,1.4229920983813582,1.424854598742372,1.418158718563834,1.4199853403975666,535
2023-02-21 20:00:00,1.4148938306839214,1.4181346577571636,1.4129159419057002,1.415382991964107,939
2023-02-21 21:00:00,1.4089195142078845,1.4089570045287132,1.4049779252170826,1.4067477203716339,459
2023-02-21 22:00:00,1.4082293022767507,1.4099186761755307,1.4066563969763335,1.4069874750066074,228
2023-02-21 23:00:00,1.399526019140439,1.4059507080049165,1.399483955685367,1.4015811749888307,963
2023-02-22 00:00:00,1.4038631474411125,1.406163723311391,1.3978395561262185,1.4032204825844388,733
2023-02-22 01:00:00,1.3871728259323908,1.393526913224164,1.3830914127862994,1.3923465111401843,340
2023-02-22 02:00:00,1.3963345578989328,1.399031669230306,1.393713936126346,1.394651917332337,726
2023-02-22 03:00:00,1.4013115878625126,1.4028210069211289,1.3984120754952514,1.4004764600365518,808
2023-02-22 04:00:00,1.3883560291789228,1.3896520840004132,1.3836544384214313,1.3865849160662571,321
2023-02-22 05:00:00,1.3921204836766674,1.3962494696861403,1.3864945092337786,1.38918064867423,313
2023-02-22 06:00:00,1.3987618136112319,1.4010492994352988,1.3957237308053534,1.3977341440058817,691
2023-02-22 07:00:00,1.3897173578815127,1.3928687653370064,1.3842494356095392,1.3893058748796463,874
2023-02-22 08:00:00,1.3985044598757215,1.4021289101244383,1.3982720582848875,1.4009731660699942,234
2023-02-22 09:00:00,1.4019116251714583,1.405985546591591,1.4000922749408817,1.4039114148914775,917
2023-02-22 10:00:00,1.4022916714682254,1.4068547423681639,1.3973361358867051,1.3989712562234387,853
2023-02-22 11:00:00,1.4025988773541955,1.4082726429276842,1.3917215369441092,1.3985812139235683,485
2023-02-22 12:00:00,1.401823100895599,1.406004350577483,1.3962616939402015,1.4024909963817433,402
2023-02-22 13:00:00,1.4031531679789266,1.4053393351173726,1.4029907449829853,1.4030240820544526,881
2023-02-22 14:00:00,1.4042633766820891,1.407575104810169,1.4031776389129182,1.406808615274574,386
2023-02-22 15:00:00,1.4036319746471535,1.4048039093438978,1.3965404627253861,1.4003474405538292,661
2023-02-22 16:00:00,1.403398971045969,1.4067421083720018,1.4011213207888837,1.4015337627565483,288
2023-02-22 17:00:00,1.397064887532462,1.399352176211471,1.3898342536910968,1.3916618510306977,396
2023-02-22 18:00:00,1.388444822597276,1.3939261175710558,1.386017849507699,1.3908881208659394,625
2023-02-22 19:00:00,1.3835693411119458,1.3861334098294296,1.3833522888399032,1.3846161327825455,488
2023-02-22 20:00:00,1.3801719264706638,1.383859366046386,1.3790284578392358,1.3795333517321708,558
2023-02-22 21:00:00,1.3898806787588445,1.3918936055839926,1.385769832121375,1.3880859127187701,843
2023-02-22 22:00:00,1.3950787694246478,1.3992837492134496,1.3902861935306203,1.3956807757760124,360
2023-02-22 23:00:00,1.3974938845835125,1.4071838920820499,1.3968338694361186,1.3999380675074704,803
2023-02-23 00:00:00,1.3947674480189882,1.398114123511616,1.3897930766618194,1.3923130575958214,814
2023-02-23 01:00:00,1.3921170189656733,1.3940629749426554,1.3894843075890917,1.3901121009778379,872
2023-02-23 02:00:00,1.3960064870374118,1.3997157039221877,1.3919959571824594,1.3985694329358902,212
2023-02-23 03:00:00,1.4033548380337835,1.405553498506443,1.3975904414665385,1.399560788841893,985
2023-02-23 04:00:00,1.4191992098252029,1.4233730450435302,1.4128987936778545,1.4158854751145042,963
2023-02-23 05:00:00,1.41905372548249,1.4226376017917537,1.4184819243390099,1.418672679939176,135
2023-02-23 06:00:00,1.4202616719791619,1.4224655625263556,1.4198010395853384,1.420035608381312,178
2023-02-23 07:00:00,1.419413655019094,1.4196378203084477,1.4156591328690693,1.4178425216843782,374
2023-02-23 08:00:00,1.4163443870772183,1.4206086564660811,1.4141491585851054,1.4187895376785484,377
2023-02-23 09:00:00,1.417793488570624,1.4196622944854533,1.4138292196037097,1.4177083368138685,773
2023-02-23 10:00:00,1.416612140901773,1.4256586922880943,1.411039424003303,1.4227366909857517,411
2023-02-23 11:00:00,1.4320645614692857,1.4337818289666266,1.4294467545656866,1.4295586719321005,628
2023-02-23 12:00:00,1.419504625071902,1.4285617571582017,1.4159566856289976,1.4239516066376015,303
2023-02-23 13:00:00,1.418758213805889,1.419938128698007,1.4115161831763943,1.414505024004886,116
2023-02-23 14:00:00,1.400652470532368,1.4049889995008833,1.397640447116316,1.4015778485545,813
2023-02-23 15:00:00,1.404547475927146,1.4089737964710414,1.4016055770546654,1.4051423203954296,575
2023-02-23 16:00:00,1.3956573231825555,1.3991030334707724,1.3932471980561438,1.3974117286281957,610
2023-02-23 17:00:00,1.3816536288401369,1.384967243698432,1.3816106232437098,1.3824500275385083,309
2023-02-23 18:00:00,1.3890683160184563,1.3934403646945581,1.3769545025691616,1.385138591001038,598
2023-02-23 19:00:00,1.3955340325012593,1.4037934186615448,1.3937429283641665,1.4025123974678961,501
2023-02-23 20:00:00,1.4060516363148514,1.4102589894097255,1.4007141688143707,1.4024698254705332,528
2023-02-23 21:00:00,1.4093140769614068,1.4119021756252057,1.405606484057675,1.4083619581379248,177
2023-02-23 22:00:00,1.4055370647488776,1.412665633501315,1.4051934306012834,1.4089383028128584,667
2023-02-23 23:00:00,1.4052132281318592,1.408718159191729,1.404035762180359,1.408241827911787,179
2023-02-24 00:00:00,1.4194714104921042,1.4196973152078687,1.4123949261352098,1.4147281297478949,405
2023-02-24 01:00:00,1.4100049309006628,1.4148202678318547,1.4070191040409272,1.4126763212624345,157
2023-02-24 02:00:00,1.4113032968550108,1.4165362680128504,1.4092836851842951,1.414566278333787,629
2023-02-24 03:00:00,1.4200662168264386,1.4208580452160908,1.4136654460009963,1.416843423566686,307
2023-02-24 04:00:00,1.41307457546043,1.4136643034005787,1.4102515306395877,1.4121184219536125,610
2023-02-24 05:00:00,1.4164781329322607,1.4200276695059744,1.4150193340973343,1.4191402287667647,234
2023-02-24 06:00:00,1.418513614283619,1.4209474966103264,1.4166042070115723,1.4178993094775354,943
2023-02-24 07:00:00,1.4096537098469626,1.4141154579852295,1.4086979829182515,1.4125515669681583,621
2023-02-24 08:00:00,1.419464180760377,1.42019463702955,1.4150534788486062,1.4163458930271524,680
2023-02-24 09:00:00,1.4129905169127355,1.416048545785723,1.4014115402410217,1.409997456191642,952
2023-02-24 10:00:00,1.4116966131741777,1.412060927220803,1.4073147349063306,1.4101961469906699,998
2023-02-24 11:00:00,1.4111518301499806,1.4135554794219436,1.406080913958314,1.4101318505868177,182
2023-02-24 12:00:00,1.4228030092555368,1.4249627408442096,1.4148310249246787,1.4178089526739768,720
2023-02-24 13:00:00,1.421177214873343,1.4239600365395295,1.418413598650386,1.4211781064426399,143
2023-02-24 14:00:00,1.4176413918165742,1.4217744681589422,1.416364796137934,1.4210002787398912,582
2023-02-24 15:00:00,1.4281050430667286,1.4316288187940203,1.4246650372236864,1.4268224041688913,743
2023-02-24 16:00:00,1.4427692102729428,1.445092343350003,1.4361313853962703,1.4367748503978996,592
2023-02-24 17:00:00,1.437863576934488,1.4413307900022456,1.4322659013128134,1.4407876828922483,598
2023-02-24 18:00:00,1.4398206283372261,1.442754662253471,1.4366013978751482,1.4408622644582982,117
2023-02-24 19:00:00,1.4326345521480879,1.4333804076016117,1.4270357711787347,1.4314423151862279,704
2023-02-24 20:00:00,1.423685830724708,1.4281394465617878,1.4210428434940896,1.423839334413368,393
2023-02-24 21:00:00,1.418875017763721,1.4222951012720104,1.4153464791233588,1.421668036969367,247
2023-02-24 22:00:00,1.42052212469269,1.42107245024806,1.416334740643835,1.417342012150098,571
2023-02-24 23:00:00,1.4225880569734624,1.4241252713264863,1.4108937099650665,1.4160176198909802,271
2023-02-25 00:00:00,1.4169743717164518,1.4176071383800044,1.414618978773463,1.4164187631592373,662
2023-02-25 01:00:00,1.417607198471938,1.423578922200783,1.4172735864427113,1.420175068963385,630
2023-02-25 02:00:00,1.4152765144622192,1.4227529714652556,1.4139872908065763,1.419674554147815,219
2023-02-25 03:00:00,1.4238663955666058,1.4244652824303208,1.4224349151340494,1.4231321277524773,935
2023-02-25 04:00:00,1.4267339194221358,1.427300028942837,1.422239611867218,1.4235909797647124,836
2023-02-25 05:00:00,1.4109385056237231,1.4109644170956497,1.4076040724178494,1.40959891374511,165
2023-02-25 06:00:00,1.402987260543575,1.4044468268820856,1.3996811130739568,1.4029940056923746,240
2023-02-25 07:00:00,1.4003313014352043,1.4025943104351573,1.3991882504473978,1.4019835998184975,545
2023-02-25 08:00:00,1.3904854082329472,1.3948548252199662,1.3866598099778966,1.3935293323487816,605
2023-02-25 09:00:00,1.4000491894951508,1.4049406692887527,1.3963916560430636,1.3977156994273066,288
2023-02-25 10:00:00,1.41102852701704,1.4125489408385097,1.4001642160503192,1.4084545154845156,257
2023-02-25 11:00:00,1.4126827782384104,1.4177861251168167,1.4106358261504324,1.4170635729872119,709
2023-02-25 12:00:00,1.4200530688036317,1.4207806205131386,1.4088443700115725,1.4155520690934535,769
2023-02-25 13:00:00,1.4277799056687215,1.4311874766196737,1.4221623152709488,1.426142490946828,345
2023-02-25 14:00:00,1.4311980012654182,1.4334070290881098,1.4265127886619067,1.4272029899409033,955
2023-02-25 15:00:00,1.4209750393169096,1.4262185570282142,1.4201184554712445,1.4247995653823682,847
2023-02-25 16:00:00,1.4165562478939897,1.4218924247275702,1.4164526125259183,1.4204363805335167,132
2023-02-25 17:00:00,1.4178672460830126,1.4205634062169046,1.4129392935932115,1.4182898093909226,460
2023-02-25 18:00:00,1.4169631655812431,1.4179470665315657,1.4154886496982377,1.4155397429044758,852
2023-02-25 19:00:00,1.4218363870989494,1.4240282963862205,1.413315973943453,1.4167464115993107,429
2023-02-25 20:00:00,1.4198866078534633,1.42287926166696,1.416183891089937,1.417884331396208,611
2023-02-25 21:00:00,1.4172177276408138,1.4191191272141965,1.4160500734543633,1.4179059260818956,949
2023-02-25 22:00:00,1.4180900427376446,1.4258438283505677,1.4156747771723133,1.4210069983916986,886
2023-02-25 23:00:00,1.4330083643065525,1.434617168394762,1.4268910513291055,1.429491812809646,170
2023-02-26 00:00:00,1.4335236461029348,1.4372413365398822,1.4322297394477537,1.436294848970494,412
2023-02-26 01:00:00,1.4303139005632903,1.4351050507066139,1.422768168209226,1.4256705811415844,827
2023-02-26 02:00:00,1.4067804848457495,1.4083546867930337,1.4044672717841453,1.4075810737466499,178
2023-02-26 03:00:00,1.4186708258440843,1.4249165056368134,1.4105303212580877,1.4141721122254804,268
2023-02-26 04:00:00,1.406447228053098,1.4120698915775802,1.4020106238050847,1.4045400556692271,909
2023-02-26 05:00:00,1.4025780831807937,1.403057966710504,1.3985962883249268,1.4029624822446427,279
2023-02-26 06:00:00,1.3933294375882646,1.3964904717595195,1.3907783154001299,1.394778323189397,727
2023-02-26 07:00:00,1.3813254981074545,1.3833059113704942,1.380976135419936,1.3822679501730886,359
2023-02-26 08:00:00,1.3872025602615452,1.3876674676211262,1.3846212857977591,1.3860152533237748,585
2023-02-26 09:00:00,1.3915009474676325,1.3947355181298977,1.3880059739756216,1.3912862539224553,871
2023-02-26 10:00:00,1.3856340063170436,1.388778703481791,1.382000424185094,1.3872815735662178,104
2023-02-26 11:00:00,1.3689713256668776,1.3718759909576788,1.3666055516090423,1.3694249652435124,396
2023-02-26 12:00:00,1.3659044880440026,1.370362840956027,1.364853694625296,1.365689864337888,719
2023-02-26 13:00:00,1.3625421176327839,1.3708445035718502,1.361912460931531,1.3683679004395208,954
2023-02-26 14:00:00,1.3595313909859386,1.3644448499883801,1.3550489284110452,1.3582867436325932,459
2023-02-26 15:00:00,1.3568686655124915,1.360279913671135,1.351594438633865,1.3595325913834366,216
2023-02-26 16:00:00,1.356292778238482,1.3595543018086511,1.3542321001828812,1.3594285241720214,456
2023-02-26 17:00:00,1.3587708038018618,1.3636828845675304,1.3569673172410657,1.363371759063193,942
2023-02-26 18:00:00,1.3592927550485072,1.3643560062430231,1.3564122354357757,1.3641871652915154,538
2023-02-26 19:00:00,1.3538858255585484,1.360084474382266,1.35238225277061,1.3575660445693916,430
2023-02-26 20:00:00,1.363775876466183,1.3662321426591089,1.3609446435777366,1.3657125140553097,624
2023-02-26 21:00:00,1.3699613675159732,1.374064255687784,1.3625446767056066,1.3646304138655143,753
2023-02-26 22:00:00,1.3630090566900257,1.368164223085336,1.3582985959755094,1.3644441235569722,287
2023-02-26 23:00:00,1.3585747977574716,1.3593997952186343,1.3568171644057447,1.3580919957643336,380
2023-02-27 00:00:00,1.3561706115447354,1.357496637518814,1.3516003280166473,1.3550852387142664,610
2023-02-27 01:00:00,1.3494572055093408,1.3537456194600272,1.347739648427766,1.3491035644895322,565
2023-02-27 02:00:00,1.3477286801332786,1.3512863992857846,1.3471657243148367,1.3479374580164605,214
2023-02-27 03:00:00,1.3562732867871417,1.3625838702615776,1.3561153820537486,1.3595233463418415,335
2023-02-27 04:00:00,1.354147770519208,1.3571166591370452,1.3491671368867681,1.3502295998732916,437
2023-02-27 05:00:00,1.3442210792256146,1.344403547509528,1.3342657511138245,1.3393800330251373,621
2023-02-27 06:00:00,1.3447279215930423,1.350433412847398,1.3434625783499832,1.3492686388046258,298
2023-02-27 07:00:00,1.345096719548161,1.349851162006223,1.339790731370896,1.347857208183385,863
2023-02-27 08:00:00,1.3426038998361098,1.3502658784388597,1.3413572887904945,1.343355669455719,149
2023-02-27 09:00:00,1.3477537251503857,1.3564337503265957,1.3461117958205342,1.350358669096442,241
2023-02-27 10:00:00,1.3476382011964287,1.3492789118650925,1.344734524175537,1.346275862772405,882
2023-02-27 11:00:00,1.3566448134681162,1.360137570840109,1.3555675108573146,1.3586237092300417,627
2023-02-27 12:00:00,1.3691397218901862,1.3707454904379097,1.3606965913017581,1.3632367538785028,613
2023-02-27 13:00:00,1.3631532034238207,1.364842892147865,1.3588397640815741,1.3599151133705207,769
2023-02-27 14:00:00,1.3752477269405035,1.3777472937886859,1.3738036398527982,1.3746632915072277,129
2023-02-27 15:00:00,1.373321301513395,1.3779480891899734,1.3683245035238623,1.3705063191862006,181
2023-02-27 16:00:00,1.378643552620356,1.3809660081789101,1.3749160203503836,1.3756009971673286,130
2023-02-27 17:00:00,1.3761072170532433,1.3777249864509304,1.3752426653189334,1.3776610740574642,847
2023-02-27 18:00:00,1.3843934832013471,1.3904039012904612,1.3835183168182879,1.3866571100923955,432
2023-02-27 19:00:00,1.3977443010977333,1.4019725585807168,1.396647294296881,1.3975258871909244,759
2023-02-27 20:00:00,1.4001582412091933,1.403884636721698,1.3965218944257567,1.3977495382189338,276
2023-02-27 21:00:00,1.3928812776210693,1.398948578575943,1.3901736013692312,1.3924939960806344,469
2023-02-27 22:00:00,1.3912981951566779,1.3976525699034836,1.3877286945068743,1.3957002238430654,646
2023-02-27 23:00:00,1.3887453668167884,1.3914286288067914,1.3885287019348087,1.3909787903646322,634
2023-02-28 00:00:00,1.4048445338926008,1.4053414487771332,1.4011700883743998,1.405052405392455,205
2023-02-28 01:00:00,1.4057991558696405,1.4064318823712938,1.4048288617736493,1.4060119293542883,196
2023-02-28 02:00:00,1.4089827542255922,1.412959063706001,1.4033223623357476,1.403446041207332,329
2023-02-28 03:00:00,1.400848671383696,1.4069990352876602,1.3957054029375793,1.4047425839507564,326
2023-02-28 04:00:00,1.3967234599242278,1.3973928466769634,1.391437307830788,1.3953125498957761,470
2023-02-28 05:00:00,1.3926858796251074,1.3947277083187002,1.3881550644028702,1.3885504622353273,199
2023-02-28 06:00:00,1.40325572030167,1.4085677790074178,1.395844268989621,1.3969096999370685,544
2023-02-28 07:00:00,1.3912030078880337,1.3931965120863652,1.3874035588439992,1.3923291165019085,567
2023-02-28 08:00:00,1.3864212538383296,1.3897147397847136,1.383314364171154,1.3850599353463058,154
2023-02-28 09:00:00,1.390363952273338,1.391468800128833,1.3871869695711805,1.3887814070921864,294
2023-02-28 10:00:00,1.3975854721301468,1.3990791133684477,1.3967323118237722,1.3970392808148235,619
2023-02-28 11:00:00,1.4017931723824104,1.4023257875223463,1.401277068955794,1.4020703482338561,523
2023-02-28 12:00:00,1.4102990494218166,1.4127009014698713,1.4068942624926828,1.4090704093806912,414
2023-02-28 13:00:00,1.3966393229313037,1.4037662085769813,1.391986829042033,1.4037485967085996,227
2023-02-28 14:00:00,1.3957060042004086,1.3999811502706696,1.3927579135196764,1.3938046609317511,131
2023-02-28 15:00:00,1.404661244073624,1.4078927161363035,1.4023423342032724,1.4043068590824697,192
2023-02-28 16:00:00,1.4014191395566606,1.4026186123265885,1.396163797077434,1.4020429782904085,618
2023-02-28 17:00:00,1.4060180708125574,1.409163473682016,1.3969810450419002,1.4002856871401286,357
2023-02-28 18:00:00,1.4077130944491405,1.4111003047494777,1.404750671604408,1.4096158898841615,952
2023-02-28 19:00:00,1.4124021703478695,1.4150218927705587,1.41212693805017,1.4135416997853207,319
2023-02-28 20:00:00,1.4224105925415775,1.4245845673015654,1.4161244073266253,1.4167674567277728,851
2023-02-28 21:00:00,1.4298039551711885,1.4346969807608458,1.428660111990999,1.4321872904225053,205
2023-02-28 22:00:00,1.426015828658783,1.4296120516547421,1.4194881252369795,1.4275865029647725,647
2023-02-28 23:00:00,1.4338030143540872,1.436073738801209,1.428746746166272,1.4342247493562255,515
2023-03-01 00:00:00,1.4370459477771969,1.4381451511137735,1.4323898101899133,1.4346336558098711,656
2023-03-01 01:00:00,1.4371586499254414,1.4428381954221903,1.4339424188829288,1.436561607717339,909
2023-03-01 02:00:00,1.4438399982584926,1.4492335147339472,1.4437824803039352,1.4475823615637884,408
2023-03-01 03:00:00,1.449718069750868,1.4546850940726055,1.4489993571753474,1.451262702525114,465
2023-03-01 04:00:00,1.4534063961075783,1.4552726776030185,1.4521613551166723,1.4551740088783531,620
2023-03-01 05:00:00,1.4627724448802841,1.466481522620072,1.4627418286754632,1.4629983934104818,558
2023-03-01 06:00:00,1.461574946926359,1.4642817109437232,1.4570186703408894,1.4603312013631593,698
2023-03-01 07:00:00,1.4554327423411395,1.455697851919529,1.451223116811048,1.4542164189876845,469
2023-03-01 08:00:00,1.4415008373924671,1.4471531690189638,1.436328318644877,1.446639334315694,430
2023-03-01 09:00:00,1.4355341418362277,1.4374172529505398,1.4309395705431471,1.4324859807382002,788
2023-03-01 10:00:00,1.4480204673752353,1.450811981313609,1.4463442032069957,1.4472893869546626,741
2023-03-01 11:00:00,1.4433136475028836,1.4433716651083375,1.43595736576027,1.439328055862199,806
2023-03-01 12:00:00,1.4390139339770598,1.441233469930937,1.4371547055639273,1.4377366535438822,110
2023-03-01 13:00:00,1.4389105515677856,1.4440157187653542,1.431277327714115,1.4357481068645543,917
2023-03-01 14:00:00,1.4392983404296367,1.4412732009831426,1.4378423831093625,1.4379565966131995,606
2023-03-01 15:00:00,1.4477209989309503,1.4495081011914897,1.4397247522875405,1.443833547113363,518
2023-03-01 16:00:00,1.4515734199802048,1.4518842234865537,1.448721088366632,1.4500588316859826,221
2023-03-01 17:00:00,1.4455543660585648,1.4468355577408831,1.4428819484997095,1.4458375051298271,334
2023-03-01 18:00:00,1.4511955096365983,1.453192160116542,1.4433268167093416,1.444629855552694,430
2023-03-01 19:00:00,1.4492447063063307,1.4510214318282175,1.4458219184022025,1.4466724153442918,642
2023-03-01 20:00:00,1.4465326378801038,1.4466976616992147,1.4426422072863982,1.4448746603292746,447
2023-03-01 21:00:00,1.452815551242543,1.459982546326338,1.4526471292422822,1.456533511549797,511
2023-03-01 22:00:00,1.4563513606114142,1.4611117185562459,1.4519420223909683,1.4601135113294283,323
2023-03-01 23:00:00,1.4663463472199205,1.4665224188798227,1.4636393231658293,1.465488404929876,252
2023-03-02 00:00:00,1.4707816225622032,1.4725522802082067,1.4651635922592385,1.4703536873027647,311
2023-03-02 01:00:00,1.4771895720498431,1.4808792604214422,1.4689403284045197,1.4790061541559498,191
2023-03-02 02:00:00,1.4807628263387362,1.483281939307861,1.480075499454591,1.4803454201513537,430
2023-03-02 03:00:00,1.4754507109326365,1.4770471688621138,1.46845913077707,1.4707776768872993,566
2023-03-02 04:00:00,1.4757695332958112,1.4779999105401538,1.4684715895049518,1.473719876398129,959
2023-03-02 05:00:00,1.465575976612808,1.4695799713587692,1.4611712339570782,1.468928095527231,740
2023-03-02 06:00:00,1.4647239902412854,1.4690056944376,1.4624500692157285,1.4650507224168086,808
2023-03-02 07:00:00,1.4669867315090708,1.4745484173938241,1.465566883623717,1.46935229019341,653
2023-03-02 08:00:00,1.4773314700376394,1.4794240044557507,1.4736760177768529,1.4784778815398092,977
2023-03-02 09:00:00,1.4774119643675343,1.4827958495783788,1.476660032366972,1.4786351376809248,327
2023-03-02 10:00:00,1.4795054482283312,1.4822288441382463,1.4781501467209395,1.4809201581718112,293
2023-03-02 11:00:00,1.489828884945892,1.4939094054927775,1.488412549542041,1.4935781705311741,629
2023-03-02 12:00:00,1.4949953877756645,1.5004751877751443,1.4918159676300309,1.4953771715688369,944
2023-03-02 13:00:00,1.5132581400561815,1.5183142175422732,1.5101661760745593,1.5149567326838531,342
2023-03-02 14:00:00,1.5103452988850015,1.5222121003958209,1.5071554803887732,1.519246407682554,488
2023-03-02 15:00:00,1.512113213132985,1.5163455769686351,1.5027673311083738,1.5059299490205882,375
2023-03-02 16:00:00,1.5149046409494866,1.5168093435981072,1.5088628462262261,1.5116130441267601,549
2023-03-02 17:00:00,1.5133567985803096,1.5153371977959837,1.5110580094897155,1.514496610925485,738
2023-03-02 18:00:00,1.5243521725101614,1.5275115730154145,1.5224145059969665,1.5242948009508046,686
2023-03-02 19:00:00,1.5258501432578224,1.530056440240049,1.5217364641364473,1.5294340794340315,673
2023-03-02 20:00:00,1.5335590524481686,1.5336712782209336,1.5265242362128344,1.5283756493392215,577
2023-03-02 21:00:00,1.5248124353747416,1.5268241204148834,1.5189509412666362,1.519048289083357,579
2023-03-02 22:00:00,1.5179370897027693,1.521246749553255,1.5138773756528257,1.5174615362915846,387
2023-03-02 23:00:00,1.5141152326499592,1.5163806399438176,1.507541646683738,1.511022077848522,797
2023-03-03 00:00:00,1.5071707072972407,1.513100896714307,1.5002805806179353,1.5066425182691758,789
2023-03-03 01:00:00,1.5070431291460038,1.5111471403921743,1.5044493107880068,1.5110829351453239,777
2023-03-03 02:00:00,1.5224975414245454,1.5246471323970208,1.5215138790000797,1.523752575262569,794
2023-03-03 03:00:00,1.5271652982003805,1.5279271022751604,1.5256410855398308,1.5267624528680792,639
2023-03-03 04:00:00,1.516280846966631,1.5186521034418283,1.5150030564519084,1.517660545243966,429
2023-03-03 05:00:00,1.5203729177206156,1.5214175830298846,1.5184835602086895,1.5210380776421755,569
2023-03-03 06:00:00,1.5298862545088292,1.5348037316362286,1.5269851527743559,1.5301659674935182,858
2023-03-03 07:00:00,1.5252609656047136,1.5266724040005621,1.5243276449013758,1.525507727151622,948
2023-03-03 08:00:00,1.524645183104877,1.525783691846286,1.5207158611467853,1.5244858484464279,633
2023-03-03 09:00:00,1.5213638199549149,1.5261230132780699,1.517486045448226,1.5245978122827635,566
2023-03-03 10:00:00,1.5164485072180656,1.5191421508365028,1.5161593475072221,1.5186262663329668,519
2023-03-03 11:00:00,1.519642457290049,1.5285440636723768,1.5143835163007848,1.5235567312999074,707
2023-03-03 12:00:00,1.525613366641046,1.5261726586661821,1.5157972347059803,1.5226356530050162,221
2023-03-03 13:00:00,1.5194072494740558,1.5258933863000568,1.518813455332079,1.5258329805726598,861
2023-03-03 14:00:00,1.522581942313541,1.5240506661808217,1.513248134726279,1.5190771568357826,990
2023-03-03 15:00:00,1.5199608641720326,1.523301687559409,1.514687197484321,1.5157581234503492,407
2023-03-03 16:00:00,1.5203234195297104,1.5272055762383623,1.5196377736648192,1.5212427996139712,433
2023-03-03 17:00:00,1.5105043358285462,1.5197780228314348,1.5096115924456757,1.5184095924779302,519
2023-03-03 18:00:00,1.5304708042411743,1.5318311007781484,1.5287603628685034,1.5315775545350254,425
2023-03-03 19:00:00,1.5283240274463465,1.5286326876357712,1.527370133382251,1.528520241025713,748
2023-03-03 20:00:00,1.527145469331504,1.5375354972246307,1.5261136837503717,1.5302383817007315,888
2023-03-03 21:00:00,1.535806291407798,1.5396816507928262,1.5338790979852144,1.5373904751102827,931
2023-03-03 22:00:00,1.5311979007491925,1.5316087714182403,1.522774371544635,1.5265261348242973,943
2023-03-03 23:00:00,1.5151577827793326,1.5164557943628332,1.5117501633486783,1.51314551966625,672
2023-03-04 00:00:00,1.498869995967398,1.5037834630908902,1.4981186776929138,1.5016467333316208,349
2023-03-04 01:00:00,1.5063280506829735,1.5123184444270974,1.5038921043056783,1.5111564954073566,194
2023-03-04 02:00:00,1.5060068974414313,1.5082313457582694,1.5052106540250647,1.5069925227463243,395
2023-03-04 03:00:00,1.5257406276889354,1.5295110600846304,1.5233781592493896,1.5263922652428636,283
2023-03-04 04:00:00,1.5236025398989694,1.5247566987970897,1.5202575189657508,1.52209201825387,359
2023-03-04 05:00:00,1.5218660797848675,1.5298430410797237,1.5218606526853156,1.523497186796151,898
2023-03-04 06:00:00,1.5368601921577953,1.5381845427579572,1.532037198785229,1.5352895922088505,766
2023-03-04 07:00:00,1.5567686967447296,1.5607405824088525,1.5492151753520713,1.5507667516554153,285
2023-03-04 08:00:00,1.569389481418842,1.5697929598198521,1.5652166338304945,1.5668339720064988,508
2023-03-04 09:00:00,1.5761775669943636,1.5783836826419733,1.5694802112558144,1.576329173628407,168
2023-03-04 10:00:00,1.583840795934622,1.5913748229866962,1.5750542334101414,1.584421170902217,937
2023-03-04 11:00:00,1.5879885979958395,1.5942057019157518,1.587418129856705,1.5891221923817427,872
2023-03-04 12:00:00,1.5990857941288643,1.6013345646298878,1.5898127333583707,1.5953187968489366,726
2023-03-04 13:00:00,1.5889322435706288,1.592624854141183,1.5885450383751076,1.5909282649549292,958
2023-03-04 14:00:00,1.5845763859561908,1.585100575424714,1.5820456021061136,1.5844330812438647,107
2023-03-04 15:00:00,1.5845685850211575,1.588948388267752,1.5840900175648462,1.584406348459621,364
2023-03-04 16:00:00,1.5814700062480473,1.584589902579883,1.5793592707949233,1.5830587139259287,882
2023-03-04 17:00:00,1.575139791623079,1.5821344865612996,1.5680771296272413,1.5794753426059973,583
2023-03-04 18:00:00,1.5860083816341037,1.5893428691904572,1.5843332742450875,1.5849845624295191,860
2023-03-04 19:00:00,1.5923790855577395,1.6006374490588349,1.589908966086161,1.5925733921625258,716
2023-03-04 20:00:00,1.5948715638385518,1.5955959736661254,1.5907272072271217,1.5932775200494074,874
2023-03-04 21:00:00,1.6033787282592566,1.605546750829142,1.601778597155438,1.6050916830871733,835
2023-03-04 22:00:00,1.599851959144264,1.6002857219389428,1.5903857656325935,1.5959552069271274,939
2023-03-04 23:00:00,1.5916147209434894,1.5967337114460345,1.5839595712760315,1.5944105957571821,470
2023-03-05 00:00:00,1.594146137099217,1.5961790107843374,1.5880161195733418,1.5887062788016555,882
2023-03-05 01:00:00,1.568446979961463,1.5747629398164387,1.5669890544640042,1.5739483591956924,776
2023-03-05 02:00:00,1.574665863611656,1.5784309885430488,1.5695935625160449,1.5732978180238368,182
2023-03-05 03:00:00,1.5738354617438448,1.5786166787565674,1.570866974784899,1.5723403840199672,906
2023-03-05 04:00:00,1.581763030845163,1.5858826088022315,1.5761227625138232,1.584283807206057,745
2023-03-05 05:00:00,1.5906375883896025,1.592630779332186,1.5885024289538934,1.5892886194783664,310
2023-03-05 06:00:00,1.585217055424657,1.589147005978968,1.5736475823051128,1.5811707803575634,412
2023-03-05 07:00:00,1.588821490230135,1.6006939735837162,1.5866923115939306,1.5958971198319636,703
2023-03-05 08:00:00,1.6072846278969701,1.60968251052334,1.6025056894511824,1.6056701432428535,436
2023-03-05 09:00:00,1.6023201566269945,1.6124808619655258,1.597238091757216,1.6103502351305197,589
2023-03-05 10:00:00,1.605421076549171,1.6109514657829307,1.6048544136929108,1.6085276736690817,502
2023-03-05 11:00:00,1.606045765791496,1.6080197206144196,1.5993850578447038,1.6008297298877627,738
2023-03-05 12:00:00,1.5959940973131927,1.6005899406145874,1.5957607396682392,1.5978533019993915,290
2023-03-05 13:00:00,1.6028034704003902,1.6085405949045601,1.6002685696535868,1.60657532356769,770
2023-03-05 14:00:00,1.6211434975398662,1.6254138860757101,1.6178495374920885,1.621785522626364,942
2023-03-05 15:00:00,1.6411073347581158,1.6411501459128357,1.6330294519304023,1.6343479776745198,434
2023-03-05 16:00:00,1.6243855094616084,1.630942592182526,1.619560479698523,1.6303581054583214,621
2023-03-05 17:00:00,1.6178478311082762,1.6216134119288594,1.6112163554051715,1.6212567176213706,718
2023-03-05 18:00:00,1.6272580477209906,1.6314630788753384,1.618307981375315,1.622399183839698,186
2023-03-05 19:00:00,1.6140916524645321,1.6165101161248776,1.6061335121318927,1.608116847591625,678
2023-03-05 20:00:00,1.6103842083489834,1.6149552294974694,1.6101008659268847,1.6107174052954143,161
2023-03-05 21:00:00,1.6055405307666821,1.610206713405415,1.604126773218417,1.6095291135625922,486
2023-03-05 22:00:00,1.6125139229141336,1.6130312798880146,1.6040840699492123,1.6057829832526023,245
2023-03-05 23:00:00,1.5981101476285848,1.606103576556501,1.589602796152028,1.5930301579980906,252
2023-03-06 00:00:00,1.5992950457162274,1.6026716037284219,1.5957481391819957,1.5971263175115267,718
2023-03-06 01:00:00,1.5902899093453224,1.594004781591925,1.583546802735047,1.5928780250435548,759
2023-03-06 02:00:00,1.5834322656413806,1.5874908756823765,1.5811012517644447,1.583587550148867,797
2023-03-06 03:00:00,1.560507036435576,1.5639812839803975,1.5595365960712606,1.5610076830727142,448
2023-03-06 04:00:00,1.5618257237163446,1.5671021611739329,1.5588891500061166,1.5607929429535226,953
2023-03-06 05:00:00,1.57925473186476,1.5845291987735242,1.574559248284973,1.5746849914902477,277
2023-03-06 06:00:00,1.5906119749527994,1.5945056300397646,1.5852948758465104,1.587819264314231,988
2023-03-06 07:00:00,1.5807809304133513,1.584820615381903,1.5765155563199222,1.5841944768747038,946
2023-03-06 08:00:00,1.5837797099420383,1.5849366324408138,1.57608893165483,1.579431546109501,586
2023-03-06 09:00:00,1.5841293349283552,1.5894240330488618,1.5816481083113385,1.5831378722286216,877
2023-03-06 10:00:00,1.5774192630084418,1.5838421152713313,1.575217282339658,1.575254655820878,760
2023-03-06 11:00:00,1.5822607734124796,1.583744864645769,1.574538797664399,1.5776334455946217,346
2023-03-06 12:00:00,1.5801672106193136,1.5852462157275766,1.5778287399639488,1.5836880032308798,353
2023-03-06 13:00:00,1.5933190904213876,1.5976656017996926,1.5879663432790299,1.593433261758853,599
2023-03-06 14:00:00,1.5909426905464061,1.595734035973885,1.589854148340059,1.5926355173350943,640
2023-03-06 15:00:00,1.5860254786426242,1.592308335720027,1.5799438349254953,1.5910144526535954,451
2023-03-06 16:00:00,1.5851437544609315,1.5856910384490497,1.5792121962804893,1.584045345808191,611
2023-03-06 17:00:00,1.5854337956260445,1.5874589562701644,1.5738683774846312,1.5775097855518618,877
2023-03-06 18:00:00,1.5699255223409432,1.575924782021195,1.5672403169934264,1.5757244332631861,112
2023-03-06 19:00:00,1.578519509384274,1.5832023588290478,1.577685134878542,1.57862142711284,658
2023-03-06 20:00:00,1.5878805519201584,1.5881205644248535,1.5816820230940278,1.5858489432467735,250
2023-03-06 21:00:00,1.5798819138568667,1.5831960768325504,1.5794442368135766,1.57949311151348,149
2023-03-06 22:00:00,1.5909656218097388,1.591418654590614,1.588203783694102,1.5913256689574338,314
2023-03-06 23:00:00,1.5850405496789493,1.5916334799993723,1.5843634417788846,1.5891699007576692,743
2023-03-07 00:00:00,1.589739924850468,1.5930641647824368,1.5841292584680067,1.589000128521568,471
2023-03-07 01:00:00,1.5806785795185678,1.583157752779848,1.57711070131455,1.5830746071898676,212
2023-03-07 02:00:00,1.5571515857893548,1.565955138976054,1.554123100362456,1.564001668188934,351
2023-03-07 03:00:00,1.574683454170484,1.5770359709094746,1.5681880359133271,1.5709302121496758,440
2023-03-07 04:00:00,1.5797507669882835,1.5798502646275576,1.5755838200114556,1.5767285384423166,152
2023-03-07 05:00:00,1.5746748933303043,1.5768481767156552,1.569092496504563,1.5745122116524686,229
2023-03-07 06:00:00,1.5757612919504662,1.5791892359232471,1.5739106887874914,1.5750396884993572,935
2023-03-07 07:00:00,1.5825009860051964,1.5846899601593345,1.5752392431553586,1.5791080575447074,292
2023-03-07 08:00:00,1.5675219811651706,1.568378219463604,1.563132152630163,1.5668189818999052,690
2023-03-07 09:00:00,1.56550518998845,1.5686306029312693,1.5608554684414107,1.562679810026979,156
2023-03-07 10:00:00,1.567964617587437,1.5689067983279952,1.564559789599173,1.5688980560807764,196
2023-03-07 11:00:00,1.5631805840595179,1.5648472171914773,1.5589966739165844,1.5590895836979344,297
2023-03-07 12:00:00,1.5623814161754745,1.5634565344393356,1.5593806312262075,1.5613796795475543,746
2023-03-07 13:00:00,1.5514267011647989,1.552588825728743,1.546222766258757,1.550824820023763,246
2023-03-07 14:00:00,1.5504973144388285,1.5574922790621406,1.5482186697923344,1.5544457966805805,783
2023-03-07 15:00:00,1.5550607632761713,1.5611483241569883,1.5498195337699436,1.5541688076003433,674
2023-03-07 16:00:00,1.5391032153242268,1.5437285226235284,1.532476103095392,1.541668412558174,676
2023-03-07 17:00:00,1.5486932805789175,1.5512725524432363,1.5485979228800772,1.5506728159247216,394
2023-03-07 18:00:00,1.542468216309594,1.5491535408781574,1.540734697628768,1.5449877069541909,822
2023-03-07 19:00:00,1.5354598990294999,1.5387894801130297,1.5310718475838252,1.5387412183057214,720
2023-03-07 20:00:00,1.5468306202952586,1.5527094070662677,1.5366216171470437,1.5402851127750246,893
2023-03-07 21:00:00,1.5532816147332404,1.5564598046094518,1.5470893744599852,1.5491567090534317,783
2023-03-07 22:00:00,1.5472280782263206,1.552313945367604,1.5412213365006666,1.5413083214039034,111
2023-03-07 23:00:00,1.538012853740872,1.5429898022339839,1.5338161511404103,1.541783733037599,432
2023-03-08 00:00:00,1.545313178293321,1.5489215149238165,1.5430456313912704,1.545092990954188,319
2023-03-08 01:00:00,1.5464457874567072,1.5527017950953532,1.543900783371533,1.5504568429545302,497
2023-03-08 02:00:00,1.5496660777852949,1.5538250785884737,1.546445189314321,1.5518252715687655,441
2023-03-08 03:00:00,1.546135746865784,1.5574658148232332,1.543606325853471,1.5489800676595693,897
2023-03-08 04:00:00,1.546408031103954,1.5500765608781872,1.5413608485025456,1.5425837069205621,611
2023-03-08 05:00:00,1.5420253092516312,1.5480024754193624,1.5415017985428316,1.543248270782758,271
2023-03-08 06:00:00,1.5382774412934914,1.5399793214486006,1.5323987779742447,1.5349975220338665,567
2023-03-08 07:00:00,1.514566904920451,1.5153361586203655,1.5108998181062365,1.5127391502780885,847
2023-03-08 08:00:00,1.523029601173275,1.5253259098019838,1.5137540219954952,1.5160447622448094,265
2023-03-08 09:00:00,1.5184061708690098,1.5240777940728596,1.5180964565376471,1.5229122984736603,798
2023-03-08 10:00:00,1.508815831799383,1.5122104638675027,1.5006700999840783,1.5050254755882095,269
2023-03-08 11:00:00,1.5008797391180138,1.5061111214090153,1.4954671443778154,1.4974462719033355,663
2023-03-08 12:00:00,1.499165002433758,1.5033192325208011,1.4944486615469421,1.5020892061259017,611
2023-03-08 13:00:00,1.5206785675304373,1.5215200251974255,1.5144269359128333,1.5176216727728298,930
2023-03-08 14:00:00,1.5187998537274565,1.5191443004993215,1.5147612131983792,1.5177794658825743,288
2023-03-08 15:00:00,1.51157676051612,1.5136530100996235,1.5108066691812325,1.5122647691836264,219
2023-03-08 16:00:00,1.5083927227517662,1.5114511656342469,1.5080039273514831,1.5108824621061119,204
2023-03-08 17:00:00,1.5191166583099662,1.5216198017009785,1.5175699125493838,1.521304627382134,773
2023-03-08 18:00:00,1.5226156783764706,1.523266977743139,1.5149270137327144,1.5163990123015634,906
2023-03-08 19:00:00,1.5103536956372006,1.513284736959816,1.5077867392471087,1.5103516330437456,140
2023-03-08 20:00:00,1.5090673537691697,1.510331227738958,1.5057893678264218,1.5067104668496805,988
2023-03-08 21:00:00,1.497173626237042,1.5002071557709518,1.494983996128058,1.4995456056215788,975
2023-03-08 22:00:00,1.4981253513158383,1.5042796751764271,1.495435738751984,1.5004656364103561,776
2023-03-08 23:00:00,1.5159775950360401,1.5171254318533316,1.5107754894398946,1.5127041492153595,420
2023-03-09 00:00:00,1.5110601206740792,1.5178729774588864,1.5099255942313072,1.5151497407682377,985
2023-03-09 01:00:00,1.5119825441640005,1.5133532675098258,1.5118348844448681,1.5132391796470468,434
2023-03-09 02:00:00,1.5111357214386427,1.513129004564861,1.5103213254638328,1.5110328883641706,259
2023-03-09 03:00:00,1.4996027135126921,1.504900845291139,1.4882090568842936,1.4992687585876894,363
2023-03-09 04:00:00,1.505364095889384,1.5090315713046996,1.50293247958607,1.5059034902953725,964
2023-03-09 05:00:00,1.5065091967023458,1.5067898844873342,1.5041386534931398,1.5053175277936834,629
2023-03-09 06:00:00,1.5060437969598826,1.5075829411000565,1.499432637199022,1.5039597426314817,784
2023-03-09 07:00:00,1.5304092647019576,1.5382252166213175,1.5248631292934858,1.5281639714438757,576
2023-03-09 08:00:00,1.5274309506564479,1.5309638032371933,1.5269336294701519,1.5304483943687244,451
2023-03-09 09:00:00,1.5238398000889786,1.525700452845059,1.519283426712349,1.5247063062284965,644
2023-03-09 10:00:00,1.5250949841351473,1.5262856751852438,1.517464161048747,1.5214594177188605,872
2023-03-09 11:00:00,1.532959133221858,1.5334309940685407,1.5290153787636178,1.530221117184148,309
2023-03-09 12:00:00,1.5268840692324528,1.532069081957977,1.524434117067596,1.531088006514037,595
2023-03-09 13:00:00,1.5211854329473526,1.5265990244123322,1.5185826473966972,1.5201168519080879,994
2023-03-09 14:00:00,1.5210776362546512,1.5299904960030828,1.518634448396731,1.527119609394892,941
2023-03-09 15:00:00,1.5221693142054162,1.5236204013811976,1.5197986295312635,1.52202644188145,481
2023-03-09 16:00:00,1.5421807257618183,1.5474732051136593,1.527985842590137,1.536349459102458,775
2023-03-09 17:00:00,1.5417401976061285,1.5449698465468273,1.5391363344799736,1.5446685577591168,580
2023-03-09 18:00:00,1.5386458513647656,1.542228054476044,1.535255482584108,1.5412175980851648,104
2023-03-09 19:00:00,1.5534911099057966,1.5564504426042078,1.5495946220087728,1.551120904773662,133
2023-03-09 20:00:00,1.5468594870915435,1.5541636972620558,1.541890179987854,1.551647254562363,891
2023-03-09 21:00:00,1.5563053834836422,1.5594205952749804,1.5550760330527145,1.5582773992082526,244
2023-03-09 22:00:00,1.5639220728135963,1.5662382104575823,1.5587067625309887,1.5620587206529648,450
2023-03-09 23:00:00,1.5534891780756805,1.55815279742383,1.5508376843806901,1.5554623936414804,682
2023-03-10 00:00:00,1.5497336231794163,1.550934840116316,1.5467416247925136,1.5504653497569227,564
2023-03-10 01:00:00,1.5607901204434076,1.561721761728789,1.5562751629725813,1.5584705374355947,447
2023-03-10 02:00:00,1.55717576884816,1.5596130559934296,1.550100987086335,1.5558640320696915,841
2023-03-10 03:00:00,1.5535556803663209,1.555752508643273,1.5514296820623528,1.552727088063278,224
2023-03-10 04:00:00,1.5442814311692967,1.5517726794523778,1.5408913906521449,1.5453295425226639,889
2023-03-10 05:00:00,1.5497521695580982,1.552876196231524,1.5474859728939672,1.5486060118224039,370
2023-03-10 06:00:00,1.564271636510781,1.5657220492394923,1.559780390537174,1.564658835373066,456
2023-03-10 07:00:00,1.5577544535369798,1.5584760286856953,1.5506382569434816,1.5563294608208667,626
2023-03-10 08:00:00,1.5549709722788703,1.5589660502559044,1.5485384438843466,1.556517939502489,853
2023-03-10 09:00:00,1.566975196385402,1.5693017983255828,1.5666950360158824,1.567547567488777,597
2023-03-10 10:00:00,1.563821107183275,1.5758017667904074,1.562436846227568,1.5669234834087415,252
2023-03-10 11:00:00,1.5703616976629116,1.5747407917289091,1.570337426488018,1.5704716545813304,152
2023-03-10 12:00:00,1.5596176653954215,1.5645275293077903,1.55666901551997,1.562151477790636,248
2023-03-10 13:00:00,1.5620123848505532,1.570957635662813,1.5602861445263003,1.5655004653227929,602
2023-03-10 14:00:00,1.5648453891334664,1.5667468915782616,1.5581773801573349,1.5640362782954036,969
2023-03-10 15:00:00,1.572432646773349,1.577364369269919,1.5653370087920302,1.5717638933765927,549
2023-03-10 16:00:00,1.5835987404792888,1.5881841976487694,1.5779696196198778,1.5811231009843267,318
2023-03-10 17:00:00,1.6003472117550879,1.6047351963924836,1.5969575575443735,1.6017283038096568,724
2023-03-10 18:00:00,1.6076880848670023,1.6082543525903508,1.6028311302254459,1.6063771113602343,899
2023-03-10 19:00:00,1.6107684647575378,1.6110358117919275,1.6077587196559293,1.6089960025735068,376
2023-03-10 20:00:00,1.6119932509192134,1.6124153539476822,1.6103563942010701,1.6105605805948642,551
2023-03-10 21:00:00,1.6050642731521958,1.6113468968869162,1.603514454793076,1.6077191115629423,527
2023-03-10 22:00:00,1.6109234326187662,1.6137452627305746,1.606952253825837,1.610442350063961,182
2023-03-10 23:00:00,1.6092365939972229,1.611830038581363,1.6069930178703968,1.608065471123762,317
2023-03-11 00:00:00,1.6094436294668908,1.6126955894624817,1.6045280392179977,1.6094205231229586,837
2023-03-11 01:00:00,1.6132979370382772,1.6202021045138268,1.606406574058496,1.620058368219371,881
2023-03-11 02:00:00,1.6124429565498448,1.6168883565061154,1.609476120957548,1.611925561895241,626
2023-03-11 03:00:00,1.628312428584853,1.6304992919299988,1.6184168074288965,1.6211387888060445,503
2023-03-11 04:00:00,1.630675091692172,1.632028932114326,1.6261996343820995,1.6318501519630395,389
2023-03-11 05:00:00,1.6285122624696886,1.6338957883910676,1.6280496201185053,1.630887085542031,519
2023-03-11 06:00:00,1.614880943926126,1.6149047236339802,1.6115043143012433,1.61367601669278,438
2023-03-11 07:00:00,1.609784417654348,1.6145447012942504,1.6066465923537505,1.6087793224427875,876
2023-03-11 08:00:00,1.6231087777938065,1.6246917419656015,1.6163535307090129,1.6192461142299945,810
2023-03-11 09:00:00,1.6149878492115763,1.6237117448886016,1.6129145467937822,1.6190609797092783,769
2023-03-11 10:00:00,1.6133479946042002,1.615587073917557,1.6076738360850849,1.6109914998640666,944
2023-03-11 11:00:00,1.6088282206307771,1.611133958935594,1.6053751220380026,1.606930685974974,518
2023-03-11 12:00:00,1.6132402270745851,1.6192832369639563,1.6132270861452198,1.6136989905209191,306
2023-03-11 13:00:00,1.619212413560453,1.6235321022752247,1.6179828167556523,1.6181163425921377,785
2023-03-11 14:00:00,1.6195119833977714,1.627601170847283,1.6137609432806872,1.6161843971591754,795
2023-03-11 15:00:00,1.6160373126486112,1.6161860087237834,1.606721865113813,1.613222834468771,364
2023-03-11 16:00:00,1.606385288371874,1.6121304338423819,1.6053111722479951,1.6100659613469384,857
2023-03-11 17:00:00,1.6052862178139369,1.614353935758512,1.6017278712174696,1.602657352717147,135
2023-03-11 18:00:00,1.6154452089853837,1.619916231910778,1.6127361053784461,1.615654237823103,472
2023-03-11 19:00:00,1.613287642173318,1.6133525172023735,1.610657202305552,1.6130525426751199,587
2023-03-11 20:00:00,1.6231367604813707,1.6237198635087908,1.622202831809631,1.6228991778083413,358
2023-03-11 21:00:00,1.6347995784502634,1.6396903759415717,1.6230254736287955,1.6352909604531698,630
2023-03-11 22:00:00,1.6473910910692005,1.6485763526346688,1.6411689081032257,1.643474010470045,122
2023-03-11 23:00:00,1.6396564676827736,1.6415665014641632,1.6367843967993263,1.6399310510465477,203
2023-03-12 00:00:00,1.639565465369076,1.6463708997923405,1.6378183994680082,1.6432448421711527,340
2023-03-12 01:00:00,1.6417528823117968,1.6441693156570099,1.6391079308062155,1.6430460576686488,972
2023-03-12 02:00:00,1.6362232464952466,1.6395183624062677,1.6349349896043435,1.635638686511466,815
2023-03-12 03:00:00,1.6423211408812115,1.642478229948715,1.63324010808549,1.6382935116700859,352
2023-03-12 04:00:00,1.6306283347546275,1.632468323309109,1.6254249289579172,1.6286638577223065,241
2023-03-12 05:00:00,1.6355773109334364,1.6432598404991854,1.632625841673333,1.6383642841797044,913
2023-03-12 06:00:00,1.6426870369161977,1.6468106603482047,1.6329284941365307,1.6345626397352973,754
2023-03-12 07:00:00,1.6370739617925953,1.6387034152518059,1.6344304801056355,1.636207507089567,550
2023-03-12 08:00:00,1.6427062615882504,1.6468726141284171,1.637760242337217,1.6385267379371928,882
2023-03-12 09:00:00,1.635910463530925,1.6369576775019752,1.6352688816605774,1.6364069966521229,406
2023-03-12 10:00:00,1.6429651073265417,1.6431897715209778,1.6398696306218168,1.6412143935878143,599
2023-03-12 11:00:00,1.6400708835762747,1.6457995420277884,1.6353669818230334,1.6373219232037006,721
2023-03-12 12:00:00,1.6484770243916664,1.6495704515105662,1.6395600549844551,1.644470453970341,107
2023-03-12 13:00:00,1.6368947881934919,1.6403229617267048,1.6329173656760758,1.6334404917840244,168
2023-03-12 14:00:00,1.6373241504472689,1.6429271680300672,1.63245159829603,1.6344729855778262,801
2023-03-12 15:00:00,1.6493556430874308,1.6521251629763798,1.6445540373583432,1.6503956786465541,790
2023-03-12 16:00:00,1.640283776652072,1.6434749762095946,1.636899366752957,1.6421615754140624,674
2023-03-12 17:00:00,1.6376948548754984,1.6401355697224338,1.6319944685106058,1.6366061598750639,167
2023-03-12 18:00:00,1.643879075745085,1.6442241841812706,1.6393569057410355,1.6408168911396974,817
2023-03-12 19:00:00,1.6415593125488424,1.6443036181540716,1.6387662998601569,1.6422908568898935,507
2023-03-12 20:00:00,1.6486773486073991,1.648761411792041,1.6422380280649553,1.645172565216936,617
2023-03-12 21:00:00,1.6539927920296484,1.6547111502331089,1.645529381697503,1.6492014766662766,218
2023-03-12 22:00:00,1.651411705816157,1.6546368492961738,1.649241634453069,1.654443708575351,924
2023-03-12 23:00:00,1.6608642176536557,1.6656581205695618,1.6575605652814236,1.6636489020736425,130
2023-03-13 00:00:00,1.666593341228583,1.6682056595887385,1.6640542517058,1.6670613689043006,617
2023-03-13 01:00:00,1.6660760066794957,1.6730261841542422,1.6640536059214313,1.6650516247335816,582
2023-03-13 02:00:00,1.6689076532302327,1.673913931612692,1.6636476708321963,1.670660399904226,306
2023-03-13 03:00:00,1.6911675730353695,1.6921782072693194,1.6864450688710577,1.6866063059052907,768
2023-03-13 04:00:00,1.6869176914953916,1.6895272041891727,1.683038233710555,1.6854881721368227,678
2023-03-13 05:00:00,1.677427689303974,1.6837976705687248,1.6743513135598667,1.6772953606019665,486
2023-03-13 06:00:00,1.681761985057202,1.6868991361455907,1.680642875616822,1.6866056111774015,511
2023-03-13 07:00:00,1.6811548849952376,1.6890837669219765,1.6766724284214913,1.6855907389037843,941
2023-03-13 08:00:00,1.6683157793020846,1.6711743964199999,1.6665538762087546,1.66737868163556,469
2023-03-13 09:00:00,1.667316648396363,1.6757915647555535,1.6662054467588774,1.6744585342891685,452
2023-03-13 10:00:00,1.6733647766582809,1.674685329156848,1.6656434877460247,1.6699826029438893,435
2023-03-13 11:00:00,1.6686988397010958,1.6706481943371088,1.6664709662867796,1.6692268289813614,990
2023-03-13 12:00:00,1.6828447843412224,1.6843610130994784,1.6696120486285542,1.671999882214874,388
2023-03-13 13:00:00,1.6813182441002146,1.6821984420780012,1.6696488289741511,1.6735932181301276,239
2023-03-13 14:00:00,1.6789309266961203,1.6814078810794157,1.6779251965770223,1.6795404287912556,399
2023-03-13 15:00:00,1.6755309049327607,1.682272267123166,1.6713899877272356,1.6758873226016922,112
2023-03-13 16:00:00,1.683537917074161,1.6849988019264364,1.679614254965109,1.680192380126918,763
2023-03-13 17:00:00,1.6837292453436958,1.6895285311500905,1.6731868183357221,1.6780133525813095,527
2023-03-13 18:00:00,1.6787058710410478,1.686807311102541,1.6781510921566978,1.6842234850565254,924
2023-03-13 19:00:00,1.6833776934700109,1.691453812493776,1.6833355354158241,1.6894135472934566,963
2023-03-13 20:00:00,1.6794383426350137,1.6830368044734587,1.6739391506127685,1.681530283360702,499
2023-03-13 21:00:00,1.6926561285964636,1.6967686266984006,1.6858457341508917,1.6906856764264888,208
2023-03-13 22:00:00,1.6878366309244108,1.6952910652953792,1.6818255589614688,1.6861610131708344,584
2023-03-13 23:00:00,1.6966095910232075,1.6973920212137967,1.6875161565544685,1.6929873718950046,987
2023-03-14 00:00:00,1.6920296801021093,1.6965601545060125,1.6907686165185885,1.6960992923599219,455
2023-03-14 01:00:00,1.703830495596332,1.7119396119220842,1.70326314346176,1.711759859784565,248
2023-03-14 02:00:00,1.7127824756697718,1.713278766593781,1.7045726370019187,1.7098483273963323,978
2023-03-14 03:00:00,1.7040373024732027,1.707011470046926,1.7032075212458755,1.7068645401744607,815
2023-03-14 04:00:00,1.699808913344376,1.710190179691946,1.6984349334602262,1.7066988150370133,406
2023-03-14 05:00:00,1.7046080023222732,1.7052572745073666,1.7041074747853115,1.704113592119847,632
2023-03-14 06:00:00,1.7136573576812548,1.715624919345539,1.7105404191654612,1.7109432005800085,159
2023-03-14 07:00:00,1.6967575404217552,1.6981260807931364,1.691084393329146,1.6971718442778143,534
2023-03-14 08:00:00,1.6867080270896224,1.6902101247057346,1.6775649508084731,1.68825395578787,120
2023-03-14 09:00:00,1.67872913976107,1.6840066952271429,1.6769836945070602,1.6792643623953787,974
2023-03-14 10:00:00,1.6860118965385922,1.689382123961039,1.685303743527196,1.6872624372884029,481
2023-03-14 11:00:00,1.6971675044239092,1.7020923201135483,1.6950794317758902,1.7017555978617602,344
2023-03-14 12:00:00,1.6984359409855283,1.7020180967573775,1.6960261627728122,1.7008670946789202,172
2023-03-14 13:00:00,1.7012037433758977,1.704580898217177,1.6989542617121987,1.6994319838896188,548
2023-03-14 14:00:00,1.701121057205156,1.7011905213513048,1.697881078209751,1.700027332579867,175
2023-03-14 15:00:00,1.7105069414539817,1.7155210320677643,1.7078821596452283,1.7099321997065837,797
2023-03-14 16:00:00,1.6986344686173058,1.7080439228962234,1.6973241051600136,1.7020219978317526,689
2023-03-14 17:00:00,1.7034331718661202,1.7053016631483662,1.7006739845454106,1.7040517534295008,489
2023-03-14 18:00:00,1.7049250501320243,1.7136956592974346,1.7000863514103255,1.7123809796861609,676
2023-03-14 19:00:00,1.7172894528958902,1.7179842009169612,1.7156694982432117,1.7166766794424568,441
2023-03-14 20:00:00,1.7232151284665014,1.72327680225671,1.7157965985445456,1.7183047026290539,389
2023-03-14 21:00:00,1.7218353369037795,1.730299116167641,1.717042019762616,1.7269267733964746,667
2023-03-14 22:00:00,1.7017458475723142,1.703896590542961,1.7016713491512632,1.7037423871980417,430
2023-03-14 23:00:00,1.7106520427505514,1.7148708572832354,1.7084431331218466,1.7095268090280757,358
2023-03-15 00:00:00,1.7082146917482162,1.7129668505837237,1.7011846575531187,1.703945141508202,525
2023-03-15 01:00:00,1.6869062300476099,1.6929987070843773,1.684460684691247,1.6884198126930057,801
2023-03-15 02:00:00,1.6903973548080682,1.6934037832694762,1.6902146172322725,1.692740955776064,105
2023-03-15 03:00:00,1.6976955203306645,1.70796012437306,1.6972692337843815,1.7044072139459427,105
2023-03-15 04:00:00,1.7035886343002788,1.7055321603556823,1.6999794879393428,1.703236275152136,290
2023-03-15 05:00:00,1.7183599867968145,1.7194990236103733,1.7034378190413655,1.7113704894521757,247
2023-03-15 06:00:00,1.7261792839156453,1.7279699074089785,1.7203664859334438,1.7252222739227607,504
2023-03-15 07:00:00,1.7365248612058397,1.7395655840859152,1.7320164818034773,1.7366022406561796,357
2023-03-15 08:00:00,1.752028481212011,1.752131607681687,1.7462984527473149,1.7509006129813063,829
2023-03-15 09:00:00,1.757370652836951,1.7592255510849477,1.7548637064833332,1.7574096392262664,578
2023-03-15 10:00:00,1.7552139266756595,1.761523087751246,1.7516123512038164,1.7580726032635194,189
2023-03-15 11:00:00,1.7469186663276863,1.751826868211927,1.7419287074562304,1.7440469886122412,923
2023-03-15 12:00:00,1.7426890944801392,1.7430627547727167,1.736788880348588,1.7419025853185917,963
2023-03-15 13:00:00,1.7346348820004711,1.7357410460209508,1.7344687920181738,1.734573779030536,109
2023-03-15 14:00:00,1.750084021546807,1.7557015514630898,1.7409877046823061,1.7535046392544142,186
2023-03-15 15:00:00,1.7565306301360195,1.7568113534254368,1.7459222483793368,1.7519632341915659,861
2023-03-15 16:00:00,1.7553733228888755,1.7560932904482252,1.7506102136953745,1.7530428181410656,937
2023-03-15 17:00:00,1.7559394355086242,1.7635908105305669,1.7518427292922067,1.7578833762053552,250
2023-03-15 18:00:00,1.7617896085369973,1.768443665690177,1.7551322175359847,1.7582666580621036,724
2023-03-15 19:00:00,1.7714671267731255,1.773814221786714,1.7707431078692843,1.773231743583738,129
2023-03-15 20:00:00,1.7649550938122678,1.7701860965854708,1.763929861466008,1.7677198199582445,227
2023-03-15 21:00:00,1.7667522150945592,1.772399543632761,1.7651828261648752,1.769440714348333,177
2023-03-15 22:00:00,1.7566397264894962,1.7639700752078487,1.753773753012866,1.7628841036870544,520
2023-03-15 23:00:00,1.7529387950231812,1.7575064092829318,1.7491769747554229,1.7512871827692633,154
2023-03-16 00:00:00,1.739544318070403,1.747517015815898,1.7359258644816153,1.7459384505737272,579
2023-03-16 01:00:00,1.7413263803166685,1.7468579481854605,1.7377780100479636,1.7456151606684427,404
2023-03-16 02:00:00,1.7346413788136508,1.7419738891585717,1.7338511768830893,1.7418721969041338,645
2023-03-16 03:00:00,1.7355532712783388,1.7382752391324943,1.7322903758262367,1.7358520797888146,204
2023-03-16 04:00:00,1.7231708854937604,1.7279381295626595,1.7218402089052227,1.723689096970605,271
2023-03-16 05:00:00,1.721847227399568,1.7253317264596846,1.7183511168440306,1.7229730049118221,598
2023-03-16 06:00:00,1.7064929459306462,1.7116227867282667,1.706124398332663,1.710058684011703,121
2023-03-16 07:00:00,1.7125453076151298,1.723773236638792,1.7036165787601985,1.716569749616387,386
2023-03-16 08:00:00,1.718872367198703,1.7193470590175988,1.7166131986047009,1.7172774633960053,490
2023-03-16 09:00:00,1.7029306841043006,1.7068234016133776,1.7027273818342383,1.7048078546194056,716
2023-03-16 10:00:00,1.7032511746508694,1.7036155732142506,1.7018126970695133,1.7021741807173218,248
2023-03-16 11:00:00,1.69278231455899,1.7023719576232184,1.6906229720082993,1.695784696908766,371
2023-03-16 12:00:00,1.6991081813735407,1.7050456186315683,1.6982966435543516,1.6984931137300412,887
2023-03-16 13:00:00,1.7143720662015163,1.7146964975532284,1.7060582331696181,1.7099150766713134,398
2023-03-16 14:00:00,1.6959439511022547,1.7014576142441946,1.693571947459615,1.6939580705257715,271
2023-03-16 15:00:00,1.693534570266098,1.70342953724023,1.6908470673007547,1.694932597514419,146
2023-03-16 16:00:00,1.6944472412153126,1.6954553087258564,1.6904426668224861,1.6935760691728912,725
2023-03-16 17:00:00,1.6984525379893236,1.6997445373926414,1.6969232448983087,1.6992704484274133,886
2023-03-16 18:00:00,1.701109617571863,1.7020786952803288,1.700831512241634,1.7010828078784486,915
2023-03-16 19:00:00,1.6935953804928208,1.6950589399832783,1.6895524752074187,1.6946990059456228,306
2023-03-16 20:00:00,1.6914415497012567,1.7024822900489676,1.6869068333314372,1.6919976592686437,552
2023-03-16 21:00:00,1.6859915458655832,1.6868621080657304,1.6841986823726762,1.6852766739043312,494
2023-03-16 22:00:00,1.6910017260463055,1.6960966330886704,1.6905136690624045,1.6943679563457634,853
2023-03-16 23:00:00,1.6911056029235598,1.696749275219954,1.6849036227280572,1.6945485148386237,400
2023-03-17 00:00:00,1.7059827667935423,1.7117437482353315,1.7031385581832035,1.7107336196518548,807
2023-03-17 01:00:00,1.7047412111273768,1.711029687390225,1.7024231431020538,1.7102148258640248,775
2023-03-17 02:00:00,1.7000189944269226,1.705567087455291,1.6973126649178287,1.704167902611897,275
2023-03-17 03:00:00,1.691857876227142,1.698012511842664,1.6906693797959627,1.6913184724602968,954
2023-03-17 04:00:00,1.6731457154945957,1.6800848369844423,1.672608436249157,1.6761385867034817,882
2023-03-17 05:00:00,1.664623063609279,1.6650783268555431,1.6610680823163952,1.6629148693499125,209
2023-03-17 06:00:00,1.6652530039832283,1.6729271956795178,1.6637121645121589,1.6651373976607067,783
2023-03-17 07:00:00,1.6628059179473424,1.6705835961890554,1.657075640272207,1.6693782742808299,963
2023-03-17 08:00:00,1.658401864942796,1.6673672768503984,1.6508023024089185,1.6562322815303918,301
2023-03-17 09:00:00,1.6663586359310365,1.667127366051403,1.657263167772797,1.6636608480064612,267
2023-03-17 10:00:00,1.6563485246524343,1.6633093524122504,1.6544368593318077,1.6596474479562517,713
2023-03-17 11:00:00,1.6622617820437575,1.6670555535371059,1.660274672668308,1.6608660183341861,185
2023-03-17 12:00:00,1.6714404539658696,1.6750417648981546,1.6709217881324414,1.674308538590233,753
2023-03-17 13:00:00,1.6821618565046075,1.6849940169828257,1.68049363455755,1.6818333259154672,948
2023-03-17 14:00:00,1.6753290780300343,1.6877573100167615,1.6749350787282429,1.6795767222092186,824
2023-03-17 15:00:00,1.6661127036314436,1.674397234628923,1.665608180059405,1.6721092433787337,150
2023-03-17 16:00:00,1.6529488007786906,1.6569108886339312,1.6510348455526533,1.654215324902078,211
2023-03-17 17:00:00,1.6478699546478421,1.6488585237775755,1.6449157603470772,1.648277834006982,562
2023-03-17 18:00:00,1.645229155592318,1.6506545008685451,1.64375274115425,1.6465387456400995,541
2023-03-17 19:00:00,1.6345517171414614,1.6393007705087137,1.6337858993755132,1.638431623360696,370
2023-03-17 20:00:00,1.6360471434833856,1.6374671185402387,1.6340871709758467,1.6373566982994336,676
2023-03-17 21:00:00,1.6388681909870475,1.639748569939601,1.6351904415867204,1.6379859889238115,443
2023-03-17 22:00:00,1.6359985659531746,1.639793491549999,1.634381577615083,1.6361454690088248,282
2023-03-17 23:00:00,1.631431865452865,1.6353372227767025,1.6299107985079733,1.6308366067299307,602
2023-03-18 00:00:00,1.6300248870932383,1.6341609459811985,1.626887080735687,1.6322124278097296,943
2023-03-18 01:00:00,1.6396565672350958,1.6451476769300293,1.6320097065656312,1.6358231207233789,109
2023-03-18 02:00:00,1.6231017875453657,1.6272836350060316,1.6229108041239513,1.6269288883031514,593
2023-03-18 03:00:00,1.6400445849352365,1.6401573390140853,1.637722931818615,1.6384469016190082,333
2023-03-18 04:00:00,1.641510466494052,1.6420376849647718,1.6370134583825302,1.6376394435504278,397
2023-03-18 05:00:00,1.6393690518349284,1.6438351272491343,1.6340278277232076,1.637793795254145,343
2023-03-18 06:00:00,1.6429378825248124,1.644380877959735,1.6423017057246176,1.643603621630956,608
2023-03-18 07:00:00,1.6437826657947192,1.645914987178341,1.6413347893647259,1.645521313895423,450
2023-03-18 08:00:00,1.6568081606450948,1.6604636904161414,1.6512592954302237,1.6533820631688736,366
2023-03-18 09:00:00,1.651045195005892,1.6584746725888195,1.6501527469467905,1.655757397523878,729
2023-03-18 10:00:00,1.6474921556818958,1.6513033901164735,1.6467747776250152,1.6506949140471006,755
2023-03-18 11:00:00,1.652366404671065,1.6550704563069694,1.6496411556352715,1.6536812723339944,992
2023-03-18 12:00:00,1.6483214957850172,1.654600528264451,1.6419380317756889,1.6442514677702564,300
2023-03-18 13:00:00,1.6463937523681287,1.6511498947956949,1.6448881523452823,1.645144207315012,338
2023-03-18 14:00:00,1.641686268812893,1.6489096394584701,1.640780217394676,1.6448708893884318,433
2023-03-18 15:00:00,1.6421403823117933,1.6451032817534756,1.6409523796748058,1.6431601528249995,514
2023-03-18 16:00:00,1.6400868879774018,1.6432813317541064,1.6398805851645286,1.6421044535190426,583
2023-03-18 17:00:00,1.6244166891748908,1.630618897200031,1.6229616093326191,1.6267259535252765,536
2023-03-18 18:00:00,1.6254449895192635,1.6303002254909826,1.6201335752382129,1.6222689452558998,345
2023-03-18 19:00:00,1.6185694779353688,1.6299166453145213,1.617289890163471,1.6230222170852262,957
2023-03-18 20:00:00,1.629546337838048,1.6318961337264475,1.6191450211945593,1.6243199880373655,107
2023-03-18 21:00:00,1.618671858499824,1.6204368137637835,1.6112594825981383,1.61599502837644,251
2023-03-18 22:00:00,1.6298023823351233,1.639344125876026,1.6233545923225565,1.626254345271305,491
2023-03-18 23:00:00,1.6177272637959956,1.6224466437101772,1.6175017388018782,1.619226471621257,310
2023-03-19 00:00:00,1.626606443623079,1.630092954587017,1.624489719117376,1.6270943790254802,466
2023-03-19 01:00:00,1.6258998023012128,1.6324173507149091,1.6248376098843917,1.63057352110218,769
2023-03-19 02:00:00,1.6236079363337041,1.6261037580687627,1.617105622076903,1.6253134180339914,669
2023-03-19 03:00:00,1.6414238180286904,1.6429674239478882,1.6387961086424327,1.6398048228287343,185
2023-03-19 04:00:00,1.6342726001554104,1.6362740356744838,1.6288729409686447,1.630047311935499,154
2023-03-19 05:00:00,1.6339298141874907,1.6407608628279766,1.6321608521848212,1.6375558764905938,812
2023-03-19 06:00:00,1.6445658746325402,1.6503165127849158,1.6412746727942584,1.6457689512777363,733
2023-03-19 07:00:00,1.6397634232342182,1.646158841846126,1.6369591146695996,1.6402597632805445,545
2023-03-19 08:00:00,1.6471087298266422,1.6590650769136763,1.6431358298740173,1.6517196346889385,719
2023-03-19 09:00:00,1.6516069368696078,1.6533182296422921,1.6467327976671113,1.6496558913485853,403
2023-03-19 10:00:00,1.649646716228626,1.6530332988494347,1.6402436306066503,1.6520388365192322,231
2023-03-19 11:00:00,1.6535441197525667,1.6562795798176402,1.6517431376994605,1.654190545495763,520
2023-03-19 12:00:00,1.6515858401695305,1.6571909558092006,1.6448004852471665,1.6530800571566344,484
2023-03-19 13:00:00,1.6571750341510723,1.663871872435158,1.65668510447455,1.6597953148583338,297
2023-03-19 14:00:00,1.6663700601127451,1.6675093666199259,1.6616500040641948,1.6663935395493272,146
2023-03-19 15:00:00,1.6511760011981031,1.6578150417833988,1.6490533273229406,1.6518883270901938,839
2023-03-19 16:00:00,1.6614600815194123,1.66458117260892,1.6599352703987271,1.6626966552335862,856
2023-03-19 17:00:00,1.6465304721433431,1.6509109711157364,1.643179503456001,1.648932840725737,302
2023-03-19 18:00:00,1.6585270542160657,1.6607068064424846,1.6546164003401935,1.6574678504775513,360
2023-03-19 19:00:00,1.6723441918477089,1.674677844160662,1.6641304547754328,1.666831588849728,789
2023-03-19 20:00:00,1.6582278557807943,1.6603950365336144,1.6539331228240481,1.6577640557278825,123
2023-03-19 21:00:00,1.6576582657717982,1.6589397735811138,1.6519632911490765,1.6543623847607505,786
2023-03-19 22:00:00,1.6406669381672818,1.6473326767150103,1.635656956051469,1.6452414396103165,885
2023-03-19 23:00:00,1.6439929580615433,1.6446779195359156,1.6372207928606972,1.6434744042866178,439
2023-03-20 00:00:00,1.6373436778673383,1.6421278108152941,1.6279610042838397,1.6409451202435892,511
2023-03-20 01:00:00,1.6424884678504064,1.650354816293322,1.639525442800814,1.6473545057183612,360
2023-03-20 02:00:00,1.655730626926842,1.6623979695580495,1.6463783304124922,1.658182652610211,385
2023-03-20 03:00:00,1.6737750696575955,1.6770558773526598,1.6686117116354107,1.669794615476009,612
2023-03-20 04:00:00,1.6682714372610548,1.6736692983714778,1.6631346423965334,1.6651076799562592,185
2023-03-20 05:00:00,1.6641751179238093,1.6654424807074428,1.662278623398034,1.6633667059956794,949
2023-03-20 06:00:00,1.644368441850796,1.652121095989139,1.6424541952727878,1.64942458983547,529
2023-03-20 07:00:00,1.6421469555922654,1.6438474821225366,1.6408363773508463,1.6427918521019163,680
2023-03-20 08:00:00,1.6517323059015434,1.6596727400637812,1.6463780530804646,1.6507362516179283,130
2023-03-20 09:00:00,1.6647089884692983,1.669345056312967,1.663330131864164,1.6641247600974267,809
2023-03-20 10:00:00,1.6477869878228741,1.6561096290977526,1.643550256467759,1.6538858360073543,702
2023-03-20 11:00:00,1.6460574872020617,1.6539422972119087,1.6458696348700823,1.6489937443257543,539
2023-03-20 12:00:00,1.648564744292254,1.6536523886498193,1.6480978846483345,1.6487760440572243,448
2023-03-20 13:00:00,1.6528582037050752,1.658386240541803,1.649517890638028,1.6510872775095793,994
2023-03-20 14:00:00,1.6371944561089589,1.6468422769719082,1.633361254649962,1.644417156643356,511
2023-03-20 15:00:00,1.6473731913031489,1.65065684091434,1.6419196456702623,1.6479075219405093,627
2023-03-20 16:00:00,1.644478272721296,1.6519312195886624,1.6420860017498653,1.644007926098297,409
2023-03-20 17:00:00,1.6466824679800185,1.6478377086226457,1.6430075501172767,1.6438891321510845,495
2023-03-20 18:00:00,1.6506696163656145,1.651421396064134,1.6478360567251977,1.6483854236805275,887
2023-03-20 19:00:00,1.650359022224648,1.652720663199834,1.6449438313786708,1.6484383564101104,437
2023-03-20 20:00:00,1.6422139442254637,1.6494480370301636,1.6382917242835509,1.6448455013129972,773
2023-03-20 21:00:00,1.637670993878336,1.64894282591407,1.634354237020609,1.6439442923244696,536
2023-03-20 22:00:00,1.6419263910019546,1.6447001937961672,1.6355707239443746,1.643218133837871,803
2023-03-20 23:00:00,1.6434666148362482,1.6467756693606752,1.6383794600442965,1.6401809000590517,762
2023-03-21 00:00:00,1.6426250348173477,1.6477866631882645,1.6337012550444048,1.638059910819173,464
2023-03-21 01:00:00,1.6535523046148384,1.6571289848345871,1.6508075505218445,1.6512057790468173,212
2023-03-21 02:00:00,1.6572650884946531,1.657389522061161,1.6514051727757535,1.6558432462910664,884
2023-03-21 03:00:00,1.654654098481262,1.6582672188393492,1.6517926658570046,1.6533987070736718,275
2023-03-21 04:00:00,1.6573250838268874,1.6594034905390223,1.6523933427819666,1.6591704754378132,248
2023-03-21 05:00:00,1.655972603432412,1.6647592878549662,1.6522460487159525,1.6564034680750142,277
2023-03-21 06:00:00,1.6717096904127877,1.6722177811040766,1.6648521975965536,1.6661478571848913,481
2023-03-21 07:00:00,1.6660834049712823,1.6727693452941248,1.6621718632342883,1.6692300973548233,322
2023-03-21 08:00:00,1.6737227609388772,1.6767145270481552,1.6646222846966945,1.6683347777091804,358
2023-03-21 09:00:00,1.6709967600542819,1.6733710816688203,1.6707590765031786,1.6720736696503065,884
2023-03-21 10:00:00,1.6633897703698104,1.6639757277058624,1.658708005958511,1.6589920078180223,288
2023-03-21 11:00:00,1.6450302295362262,1.6592382881591439,1.6441143656426247,1.6496717956218774,405
2023-03-21 12:00:00,1.6417748031428676,1.647262755816162,1.6373184953567503,1.639853209373537,477
2023-03-21 13:00:00,1.6386075393778423,1.6439840180045067,1.636040955984543,1.6410256567703068,701
2023-03-21 14:00:00,1.650617522406521,1.6569772048913016,1.6495114292380713,1.6553029142209077,442
2023-03-21 15:00:00,1.6746052990506863,1.6748956794147412,1.6719829310139753,1.6738737022773984,873
2023-03-21 16:00:00,1.6826125693635192,1.6868447406269218,1.6785100228447638,1.6792223142574716,255
2023-03-21 17:00:00,1.680587925911936,1.6847998663908272,1.678765486258327,1.6834327300573562,811
2023-03-21 18:00:00,1.6633392475708624,1.669124854687266,1.6622152368412073,1.6683409871051775,154
2023-03-21 19:00:00,1.6635146719471592,1.6667935954091138,1.6635072472747403,1.6638202983135477,865
2023-03-21 20:00:00,1.656989725989158,1.659924058830943,1.6560795622471438,1.6572795355512913,541
2023-03-21 21:00:00,1.653954726998412,1.6601519011992716,1.6506321414675775,1.6521429222148607,784
2023-03-21 22:00:00,1.6538896128842997,1.6560260757986112,1.6484794089999786,1.6507545178267324,299
2023-03-21 23:00:00,1.646666887448376,1.6504825360869322,1.6451266278331527,1.646862584726381,502
2023-03-22 00:00:00,1.6366961264008348,1.6407953420381938,1.6263705273501914,1.6306447927643823,713
2023-03-22 01:00:00,1.6374881227499631,1.6380163749205934,1.6329204765998535,1.6367540884801683,896
2023-03-22 02:00:00,1.6268705443547489,1.630095773090674,1.6227820060905351,1.6279985080245878,762
2023-03-22 03:00:00,1.6246936017731748,1.6302144158575205,1.6205044818751604,1.6299471409921467,722
2023-03-22 04:00:00,1.6460731490069866,1.6527104310315521,1.6450257246737034,1.6469383170636873,877
2023-03-22 05:00:00,1.6382819078544242,1.6422069758630176,1.6363135677940965,1.6393848431739215,702
2023-03-22 06:00:00,1.6218839502425395,1.6240650251925117,1.6158409983160948,1.6187749156114157,276
2023-03-22 07:00:00,1.6179568618062832,1.6184961456527978,1.6160026775049126,1.6164616876873095,548
2023-03-22 08:00:00,1.621550663071474,1.6292236451181044,1.6205332270009793,1.6253845196980972,842
2023-03-22 09:00:00,1.6419435013620451,1.643267809458132,1.6365044368464228,1.6413780322304246,640
2023-03-22 10:00:00,1.6335091701323718,1.6366674029388661,1.6293336534692409,1.6313182080769062,400
2023-03-22 11:00:00,1.640372422855552,1.6429841061722343,1.6309723995702456,1.6353746154620066,806
2023-03-22 12:00:00,1.634470310746227,1.6348067415847665,1.6310043513168015,1.631574253500003,406
2023-03-22 13:00:00,1.6331916101085382,1.6407501648165639,1.6262740893495773,1.6307101693555264,850
2023-03-22 14:00:00,1.6526126967684045,1.6581437993833739,1.6517872184610292,1.6524141228762261,968
2023-03-22 15:00:00,1.6413167144077234,1.6427668070116264,1.6372563072653725,1.640043017621417,995
2023-03-22 16:00:00,1.646228744498059,1.65026870374637,1.6348387192157527,1.6421250578832638,366
2023-03-22 17:00:00,1.641582182513674,1.6511728567730386,1.633640937501712,1.6459696046858017,313
2023-03-22 18:00:00,1.6537731660726216,1.6590490970044245,1.648826868638692,1.654929761157282,693
2023-03-22 19:00:00,1.6531823888822716,1.663130303278158,1.6522413131401539,1.6557407359795926,739
2023-03-22 20:00:00,1.6595504540402886,1.6639345825890854,1.6517523574457618,1.6582929601450873,582
2023-03-22 21:00:00,1.6591209527645308,1.6616806505263808,1.6540953952909805,1.6550487973000851,361
2023-03-22 22:00:00,1.6552986835275034,1.6572810664725701,1.6505184274131377,1.657277387500107,166
2023-03-22 23:00:00,1.6465267908595624,1.6595463359851106,1.6450618643243684,1.6544360020624194,673
2023-03-23 00:00:00,1.6582175234809542,1.6612217212704754,1.6568525925057898,1.659585754833533,232
2023-03-23 01:00:00,1.659547964745528,1.6623147737495145,1.6534026774906134,1.6565215868333438,748
2023-03-23 02:00:00,1.6614324606513562,1.6634299229864833,1.6559270868127005,1.6596479079639768,639
2023-03-23 03:00:00,1.6608261647734681,1.664698934099031,1.6567315463563403,1.659405095890254,611
2023-03-23 04:00:00,1.6678398230280613,1.6743372182112357,1.6645847889837213,1.6687743142887435,310
2023-03-23 05:00:00,1.6640778162859413,1.6733330862726215,1.6640483364695842,1.6683455467518031,816
2023-03-23 06:00:00,1.655324960670377,1.6557771868273385,1.648939277936345,1.6536207578970477,352
2023-03-23 07:00:00,1.6613108056820542,1.6641719280920102,1.6580617061372518,1.6640874414474676,137
2023-03-23 08:00:00,1.6638046024024522,1.6661890789384515,1.6556726137514877,1.656568391178862,142
2023-03-23 09:00:00,1.6530461885782644,1.6557227825716192,1.646572683870476,1.651162188716614,728
2023-03-23 10:00:00,1.644340050911417,1.6479998090622323,1.639893625951656,1.6462518375815531,504
2023-03-23 11:00:00,1.6555772872810632,1.6604490665180156,1.648625824465681,1.65760415673594,801
2023-03-23 12:00:00,1.6396929586957552,1.6404017022572548,1.639557690162462,1.639997815287335,145
2023-03-23 13:00:00,1.6651322234430246,1.6679379237629763,1.6579417790253297,1.665930210417723,553
2023-03-23 14:00:00,1.6784908951580526,1.6799869351101733,1.6744442015977474,1.6747500602922423,777
2023-03-23 15:00:00,1.677245549207584,1.6841350657212382,1.6753446905832794,1.676620450882448,404
2023-03-23 16:00:00,1.6737076678126357,1.6788842459850721,1.6715972615146206,1.676160332009431,814
2023-03-23 17:00:00,1.6849016314726473,1.6919960696199061,1.6730593469163013,1.6785552133375001,332
2023-03-23 18:00:00,1.6831005455626196,1.683217985408179,1.6803087179392167,1.682934580170208,344
2023-03-23 19:00:00,1.6909688010632127,1.6956206930627797,1.6858898081884253,1.6883726253388522,820
2023-03-23 20:00:00,1.69100994368355,1.6977019899584673,1.6891188404730832,1.6930694831607582,859
2023-03-23 21:00:00,1.695058095428179,1.6954849157634282,1.6922686236524354,1.6938279846043376,394
2023-03-23 22:00:00,1.6932104163856059,1.6960926807636345,1.6886708326234288,1.6921575221621405,938
2023-03-23 23:00:00,1.6844877816834087,1.695016897326308,1.6832074468350808,1.6908781149492784,482
2023-03-24 00:00:00,1.6960396176302808,1.6971859896479373,1.6878635010222895,1.6892310868997897,257
2023-03-24 01:00:00,1.703219461283181,1.705236893548485,1.6949853842759381,1.6988342791782876,504
2023-03-24 02:00:00,1.7025299914389302,1.707208544491103,1.697090757839024,1.7038835405620694,100
2023-03-24 03:00:00,1.675314929309705,1.679018924243233,1.6731548124052733,1.679016387224439,316
2023-03-24 04:00:00,1.6857027240554838,1.6880150288417697,1.6823258059225872,1.684531766896672,606
2023-03-24 05:00:00,1.6864651367994163,1.6937295198529327,1.6844508139134926,1.6861727622008202,860
2023-03-24 06:00:00,1.6872143649923792,1.688722672940035,1.685745561927339,1.6860150386002977,680
2023-03-24 07:00:00,1.6833877290320496,1.6855377041160153,1.6816628923794066,1.6827429779956729,129
2023-03-24 08:00:00,1.69394092125681,1.69954213895666,1.6888841834772756,1.6922275713371209,726
2023-03-24 09:00:00,1.7051853473577097,1.7073103061891985,1.697805034152629,1.7002637445418205,619
2023-03-24 10:00:00,1.6956303438093234,1.696443763953443,1.6934162753889184,1.6937059442583662,980
2023-03-24 11:00:00,1.6935937294487087,1.698807277359859,1.6877823037486916,1.6971565889408948,374
2023-03-24 12:00:00,1.6935338674721165,1.6969156542701453,1.6857935312691381,1.6889313173245784,591
2023-03-24 13:00:00,1.6828246807717981,1.6882879936158954,1.6756298350025451,1.6773210062308637,926
2023-03-24 14:00:00,1.6826141421177077,1.689315558174154,1.6718295561397223,1.6720732029179977,946
2023-03-24 15:00:00,1.67552533071569,1.6806183331339561,1.6691942617583881,1.6792986948430564,135
2023-03-24 16:00:00,1.6881403425243038,1.6935099913743115,1.6865169600747019,1.6873207028260389,410
2023-03-24 17:00:00,1.6846105731254957,1.6935805630600003,1.6817778266948757,1.691654958315399,143
2023-03-24 18:00:00,1.6996774211511447,1.7023870930123566,1.6970499752338943,1.6977991488174056,254
2023-03-24 19:00:00,1.7003203650372076,1.7023259666095483,1.6991230411026559,1.7021866434881991,176
2023-03-24 20:00:00,1.7032629413235365,1.7047445792281624,1.6956337248596731,1.6967357827111669,689
2023-03-24 21:00:00,1.6977697176312256,1.7017439075562166,1.695798377155057,1.700404034471589,712
2023-03-24 22:00:00,1.7014551442653079,1.7090589479446658,1.697340240854663,1.7072227677479306,537
2023-03-24 23:00:00,1.7120584568543644,1.7147237445143368,1.7119752970537658,1.7136736413555014,531
2023-03-25 00:00:00,1.7170799764796665,1.7273329719539692,1.7114515238713022,1.7238910277682005,641
2023-03-25 01:00:00,1.7326058593020175,1.7344035869456211,1.7268652734013201,1.730007044607021,138
2023-03-25 02:00:00,1.7258919732462477,1.7360428314085596,1.723450044782351,1.7330497565875427,338
2023-03-25 03:00:00,1.742446894023557,1.7430444463832684,1.7346470540227814,1.742347728019718,112
2023-03-25 04:00:00,1.7348771157297156,1.7461327920722038,1.7337425251336325,1.7421166970591524,221
2023-03-25 05:00:00,1.7333408827238188,1.738675021840518,1.7304457718340198,1.7344519650367698,243
2023-03-25 06:00:00,1.7387344571477714,1.7403617401941665,1.7273092587856698,1.733038382306465,783
2023-03-25 07:00:00,1.727841049548233,1.7318851676362463,1.7194206998413812,1.7265956633775146,554
